case_id,timestamp,activity,actor_role,item_category,order_type,quantity,station,shift,scan_method,status,exception_type,delay_minutes,robotics_ai_touchpoint,data_origin
ORD-0001,2024-01-16 08:32,Pick List Received,admin_operator,food,outbound,15,Admin,morning,handheld_scanner,completed,,0,workflow_dashboard,synthetic
ORD-0001,2024-01-16 08:37,Location Search,warehouse_operator,food,outbound,15,A,morning,handheld_scanner,completed,,0,AMR_route_support,synthetic
ORD-0001,2024-01-16 08:49,Item Picking,warehouse_operator,food,outbound,15,A,morning,handheld_scanner,completed,,0,robotic_picking_support,synthetic
ORD-0001,2024-01-16 08:50,Barcode Scan,scan_operator,food,outbound,15,B,morning,handheld_scanner,completed,,0,barcode_ocr_verification,synthetic
ORD-0001,2024-01-16 09:06,Product Sorting,sort_operator,food,outbound,15,C,morning,handheld_scanner,rework,damaged_packaging,20,automated_sorting,synthetic
ORD-0001,2024-01-16 09:17,Exception Review,floor_supervisor,food,outbound,15,Supervisor,morning,handheld_scanner,reviewed,damaged_packaging,15,exception_decision_support,synthetic
ORD-0001,2024-01-16 09:22,Repacking,packing_operator,food,outbound,15,E,morning,handheld_scanner,completed,,0,packing_assist,synthetic
ORD-0001,2024-01-16 09:27,Inspection,inspection_operator,food,outbound,15,D,morning,handheld_scanner,exception,wrong_location,33,vision_based_inspection,synthetic
ORD-0001,2024-01-16 09:33,Packing,packing_operator,food,outbound,15,E,morning,handheld_scanner,completed,,0,packing_assist,synthetic
ORD-0001,2024-01-16 09:58,Loading Support,loading_support,food,outbound,15,F,morning,handheld_scanner,completed,,0,AMR_AGV_transport,synthetic
ORD-0001,2024-01-16 10:05,Daily Report,admin_operator,food,outbound,15,Admin,morning,handheld_scanner,completed,,0,operational_intelligence_report,synthetic
ORD-0002,2024-01-13 09:51,Pick List Received,admin_operator,food,outbound,15,Admin,morning,pda_terminal,completed,,0,workflow_dashboard,synthetic
ORD-0002,2024-01-13 09:58,Location Search,warehouse_operator,food,outbound,15,A,morning,pda_terminal,completed,,0,AMR_route_support,synthetic
ORD-0002,2024-01-13 10:08,Item Picking,warehouse_operator,food,outbound,15,A,morning,pda_terminal,completed,,0,robotic_picking_support,synthetic
ORD-0002,2024-01-13 10:14,Barcode Scan,scan_operator,food,outbound,15,B,morning,pda_terminal,rework,quantity_mismatch,28,barcode_ocr_verification,synthetic
ORD-0002,2024-01-13 10:27,Exception Review,floor_supervisor,food,outbound,15,Supervisor,morning,pda_terminal,reviewed,quantity_mismatch,12,exception_decision_support,synthetic
ORD-0002,2024-01-13 10:40,Re-inspection,inspection_operator,food,outbound,15,D,morning,pda_terminal,completed,,0,vision_based_inspection,synthetic
ORD-0002,2024-01-13 10:53,Product Sorting,sort_operator,food,outbound,15,C,morning,pda_terminal,completed,,0,automated_sorting,synthetic
ORD-0002,2024-01-13 10:57,Inspection,inspection_operator,food,outbound,15,D,morning,pda_terminal,exception,damaged_packaging,14,vision_based_inspection,synthetic
ORD-0002,2024-01-13 11:14,Exception Review,floor_supervisor,food,outbound,15,Supervisor,morning,pda_terminal,reviewed,damaged_packaging,19,exception_decision_support,synthetic
ORD-0002,2024-01-13 11:20,Repacking,packing_operator,food,outbound,15,E,morning,pda_terminal,completed,,0,packing_assist,synthetic
ORD-0002,2024-01-13 11:32,Packing,packing_operator,food,outbound,15,E,morning,pda_terminal,rework,damaged_packaging,37,packing_assist,synthetic
ORD-0002,2024-01-13 11:41,Exception Review,floor_supervisor,food,outbound,15,Supervisor,morning,pda_terminal,reviewed,damaged_packaging,20,exception_decision_support,synthetic
ORD-0002,2024-01-13 11:46,Repacking,packing_operator,food,outbound,15,E,morning,pda_terminal,completed,,0,packing_assist,synthetic
ORD-0002,2024-01-13 12:15,Loading Support,loading_support,food,outbound,15,F,morning,pda_terminal,exception,quantity_mismatch,29,AMR_AGV_transport,synthetic
ORD-0002,2024-01-13 12:36,Exception Review,floor_supervisor,food,outbound,15,Supervisor,morning,pda_terminal,reviewed,quantity_mismatch,13,exception_decision_support,synthetic
ORD-0002,2024-01-13 12:47,Re-inspection,inspection_operator,food,outbound,15,D,morning,pda_terminal,completed,,0,vision_based_inspection,synthetic
ORD-0002,2024-01-13 12:49,Daily Report,admin_operator,food,outbound,15,Admin,morning,pda_terminal,completed,,0,operational_intelligence_report,synthetic
ORD-0003,2024-02-15 22:44,Pick List Received,admin_operator,cosmetics,outbound,18,Admin,night,pda_terminal,completed,,0,workflow_dashboard,synthetic
ORD-0003,2024-02-15 22:46,Location Search,warehouse_operator,cosmetics,outbound,18,A,night,pda_terminal,completed,,0,AMR_route_support,synthetic
ORD-0003,2024-02-15 22:59,Item Picking,warehouse_operator,cosmetics,outbound,18,A,night,pda_terminal,completed,,0,robotic_picking_support,synthetic
ORD-0003,2024-02-15 23:02,Barcode Scan,scan_operator,cosmetics,outbound,18,B,night,pda_terminal,exception,missing_item,27,barcode_ocr_verification,synthetic
ORD-0003,2024-02-15 23:24,Exception Review,floor_supervisor,cosmetics,outbound,18,Supervisor,night,pda_terminal,reviewed,missing_item,5,exception_decision_support,synthetic
ORD-0003,2024-02-15 23:36,Re-inspection,inspection_operator,cosmetics,outbound,18,D,night,pda_terminal,completed,,0,vision_based_inspection,synthetic
ORD-0003,2024-02-15 23:49,Product Sorting,sort_operator,cosmetics,outbound,18,C,night,pda_terminal,exception,station_congestion,25,automated_sorting,synthetic
ORD-0003,2024-02-15 23:54,Inspection,inspection_operator,cosmetics,outbound,18,D,night,pda_terminal,completed,,0,vision_based_inspection,synthetic
ORD-0003,2024-02-16 00:00,Packing,packing_operator,cosmetics,outbound,18,E,night,pda_terminal,completed,,0,packing_assist,synthetic
ORD-0003,2024-02-16 00:22,Loading Support,loading_support,cosmetics,outbound,18,F,night,pda_terminal,completed,,0,AMR_AGV_transport,synthetic
ORD-0003,2024-02-16 00:26,Daily Report,admin_operator,cosmetics,outbound,18,Admin,night,pda_terminal,completed,,0,operational_intelligence_report,synthetic
ORD-0004,2024-02-26 09:58,Pick List Received,admin_operator,food,transfer,34,Admin,morning,pda_terminal,completed,,0,workflow_dashboard,synthetic
ORD-0004,2024-02-26 10:07,Location Search,warehouse_operator,food,transfer,34,A,morning,pda_terminal,completed,,0,AMR_route_support,synthetic
ORD-0004,2024-02-26 10:28,Item Picking,warehouse_operator,food,transfer,34,A,morning,pda_terminal,completed,,0,robotic_picking_support,synthetic
ORD-0004,2024-02-26 10:36,Barcode Scan,scan_operator,food,transfer,34,B,morning,pda_terminal,exception,scan_failure,5,barcode_ocr_verification,synthetic
ORD-0004,2024-02-26 11:01,Exception Review,floor_supervisor,food,transfer,34,Supervisor,morning,pda_terminal,reviewed,scan_failure,3,exception_decision_support,synthetic
ORD-0004,2024-02-26 11:03,Re-scan,scan_operator,food,transfer,34,B,morning,pda_terminal,completed,,0,barcode_ocr_verification,synthetic
ORD-0004,2024-02-26 11:08,Product Sorting,sort_operator,food,transfer,34,C,morning,pda_terminal,completed,,0,automated_sorting,synthetic
ORD-0004,2024-02-26 11:21,Inspection,inspection_operator,food,transfer,34,D,morning,pda_terminal,exception,scan_failure,8,vision_based_inspection,synthetic
ORD-0004,2024-02-26 11:41,Exception Review,floor_supervisor,food,transfer,34,Supervisor,morning,pda_terminal,reviewed,scan_failure,9,exception_decision_support,synthetic
ORD-0004,2024-02-26 11:43,Re-scan,scan_operator,food,transfer,34,B,morning,pda_terminal,completed,,0,barcode_ocr_verification,synthetic
ORD-0004,2024-02-26 11:50,Packing,packing_operator,food,transfer,34,E,morning,pda_terminal,exception,quantity_mismatch,22,packing_assist,synthetic
ORD-0004,2024-02-26 12:05,Exception Review,floor_supervisor,food,transfer,34,Supervisor,morning,pda_terminal,reviewed,quantity_mismatch,8,exception_decision_support,synthetic
ORD-0004,2024-02-26 12:11,Re-inspection,inspection_operator,food,transfer,34,D,morning,pda_terminal,completed,,0,vision_based_inspection,synthetic
ORD-0004,2024-02-26 12:22,Loading Support,loading_support,food,transfer,34,F,morning,pda_terminal,exception,missing_item,19,AMR_AGV_transport,synthetic
ORD-0004,2024-02-26 12:30,Exception Review,floor_supervisor,food,transfer,34,Supervisor,morning,pda_terminal,reviewed,missing_item,6,exception_decision_support,synthetic
ORD-0004,2024-02-26 12:43,Re-inspection,inspection_operator,food,transfer,34,D,morning,pda_terminal,completed,,0,vision_based_inspection,synthetic
ORD-0004,2024-02-26 12:53,Daily Report,admin_operator,food,transfer,34,Admin,morning,pda_terminal,completed,,0,operational_intelligence_report,synthetic
ORD-0005,2024-03-05 22:35,Pick List Received,admin_operator,cosmetics,transfer,16,Admin,night,handheld_scanner,completed,,0,workflow_dashboard,synthetic
ORD-0005,2024-03-05 22:43,Location Search,warehouse_operator,cosmetics,transfer,16,A,night,handheld_scanner,completed,,0,AMR_route_support,synthetic
ORD-0005,2024-03-05 22:48,Item Picking,warehouse_operator,cosmetics,transfer,16,A,night,handheld_scanner,completed,,0,robotic_picking_support,synthetic
ORD-0005,2024-03-05 22:55,Barcode Scan,scan_operator,cosmetics,transfer,16,B,night,handheld_scanner,rework,scan_failure,9,barcode_ocr_verification,synthetic
ORD-0005,2024-03-05 23:09,Exception Review,floor_supervisor,cosmetics,transfer,16,Supervisor,night,handheld_scanner,reviewed,scan_failure,6,exception_decision_support,synthetic
ORD-0005,2024-03-05 23:10,Re-scan,scan_operator,cosmetics,transfer,16,B,night,handheld_scanner,completed,,0,barcode_ocr_verification,synthetic
ORD-0005,2024-03-05 23:14,Product Sorting,sort_operator,cosmetics,transfer,16,C,night,handheld_scanner,completed,,0,automated_sorting,synthetic
ORD-0005,2024-03-05 23:18,Inspection,inspection_operator,cosmetics,transfer,16,D,night,handheld_scanner,rework,label_mismatch,22,vision_based_inspection,synthetic
ORD-0005,2024-03-05 23:30,Exception Review,floor_supervisor,cosmetics,transfer,16,Supervisor,night,handheld_scanner,reviewed,label_mismatch,9,exception_decision_support,synthetic
ORD-0005,2024-03-05 23:31,Re-scan,scan_operator,cosmetics,transfer,16,B,night,handheld_scanner,completed,,0,barcode_ocr_verification,synthetic
ORD-0005,2024-03-05 23:53,Packing,packing_operator,cosmetics,transfer,16,E,night,handheld_scanner,rework,damaged_packaging,43,packing_assist,synthetic
ORD-0005,2024-03-06 00:05,Exception Review,floor_supervisor,cosmetics,transfer,16,Supervisor,night,handheld_scanner,reviewed,damaged_packaging,13,exception_decision_support,synthetic
ORD-0005,2024-03-06 00:15,Repacking,packing_operator,cosmetics,transfer,16,E,night,handheld_scanner,completed,,0,packing_assist,synthetic
ORD-0005,2024-03-06 00:24,Loading Support,loading_support,cosmetics,transfer,16,F,night,handheld_scanner,completed,,0,AMR_AGV_transport,synthetic
ORD-0005,2024-03-06 00:30,Daily Report,admin_operator,cosmetics,transfer,16,Admin,night,handheld_scanner,completed,,0,operational_intelligence_report,synthetic
ORD-0006,2024-01-15 21:41,Pick List Received,admin_operator,household_goods,transfer,1,Admin,night,handheld_scanner,completed,,0,workflow_dashboard,synthetic
ORD-0006,2024-01-15 21:44,Location Search,warehouse_operator,household_goods,transfer,1,A,night,handheld_scanner,completed,,0,AMR_route_support,synthetic
ORD-0006,2024-01-15 21:56,Item Picking,warehouse_operator,household_goods,transfer,1,A,night,handheld_scanner,completed,,0,robotic_picking_support,synthetic
ORD-0006,2024-01-15 22:02,Barcode Scan,scan_operator,household_goods,transfer,1,B,night,handheld_scanner,exception,scan_failure,14,barcode_ocr_verification,synthetic
ORD-0006,2024-01-15 22:11,Exception Review,floor_supervisor,household_goods,transfer,1,Supervisor,night,handheld_scanner,reviewed,scan_failure,7,exception_decision_support,synthetic
ORD-0006,2024-01-15 22:12,Re-scan,scan_operator,household_goods,transfer,1,B,night,handheld_scanner,completed,,0,barcode_ocr_verification,synthetic
ORD-0006,2024-01-15 22:18,Product Sorting,sort_operator,household_goods,transfer,1,C,night,handheld_scanner,completed,,0,automated_sorting,synthetic
ORD-0006,2024-01-15 22:25,Inspection,inspection_operator,household_goods,transfer,1,D,night,handheld_scanner,rework,damaged_packaging,26,vision_based_inspection,synthetic
ORD-0006,2024-01-15 22:32,Exception Review,floor_supervisor,household_goods,transfer,1,Supervisor,night,handheld_scanner,reviewed,damaged_packaging,18,exception_decision_support,synthetic
ORD-0006,2024-01-15 22:49,Repacking,packing_operator,household_goods,transfer,1,E,night,handheld_scanner,completed,,0,packing_assist,synthetic
ORD-0006,2024-01-15 23:01,Packing,packing_operator,household_goods,transfer,1,E,night,handheld_scanner,exception,scan_failure,15,packing_assist,synthetic
ORD-0006,2024-01-15 23:23,Exception Review,floor_supervisor,household_goods,transfer,1,Supervisor,night,handheld_scanner,reviewed,scan_failure,3,exception_decision_support,synthetic
ORD-0006,2024-01-15 23:24,Re-scan,scan_operator,household_goods,transfer,1,B,night,handheld_scanner,completed,,0,barcode_ocr_verification,synthetic
ORD-0006,2024-01-15 23:31,Loading Support,loading_support,household_goods,transfer,1,F,night,handheld_scanner,completed,,0,AMR_AGV_transport,synthetic
ORD-0006,2024-01-15 23:35,Daily Report,admin_operator,household_goods,transfer,1,Admin,night,handheld_scanner,completed,,0,operational_intelligence_report,synthetic
ORD-0007,2024-01-08 15:54,Pick List Received,admin_operator,food,return,10,Admin,afternoon,handheld_scanner,completed,,0,workflow_dashboard,synthetic
ORD-0007,2024-01-08 15:59,Location Search,warehouse_operator,food,return,10,A,afternoon,handheld_scanner,completed,,0,AMR_route_support,synthetic
ORD-0007,2024-01-08 16:07,Item Picking,warehouse_operator,food,return,10,A,afternoon,handheld_scanner,completed,,0,robotic_picking_support,synthetic
ORD-0007,2024-01-08 16:13,Barcode Scan,scan_operator,food,return,10,B,afternoon,handheld_scanner,completed,,0,barcode_ocr_verification,synthetic
ORD-0007,2024-01-08 16:29,Product Sorting,sort_operator,food,return,10,C,afternoon,handheld_scanner,completed,,0,automated_sorting,synthetic
ORD-0007,2024-01-08 16:36,Inspection,inspection_operator,food,return,10,D,afternoon,handheld_scanner,completed,,0,vision_based_inspection,synthetic
ORD-0007,2024-01-08 16:47,Packing,packing_operator,food,return,10,E,afternoon,handheld_scanner,completed,,0,packing_assist,synthetic
ORD-0007,2024-01-08 17:17,Loading Support,loading_support,food,return,10,F,afternoon,handheld_scanner,completed,,0,AMR_AGV_transport,synthetic
ORD-0007,2024-01-08 17:25,Daily Report,admin_operator,food,return,10,Admin,afternoon,handheld_scanner,completed,,0,operational_intelligence_report,synthetic
ORD-0008,2024-02-03 10:55,Pick List Received,admin_operator,apparel,return,27,Admin,morning,pda_terminal,completed,,0,workflow_dashboard,synthetic
ORD-0008,2024-02-03 11:04,Location Search,warehouse_operator,apparel,return,27,A,morning,pda_terminal,completed,,0,AMR_route_support,synthetic
ORD-0008,2024-02-03 11:16,Item Picking,warehouse_operator,apparel,return,27,A,morning,pda_terminal,completed,,0,robotic_picking_support,synthetic
ORD-0008,2024-02-03 11:20,Barcode Scan,scan_operator,apparel,return,27,B,morning,pda_terminal,completed,,0,barcode_ocr_verification,synthetic
ORD-0008,2024-02-03 11:37,Product Sorting,sort_operator,apparel,return,27,C,morning,pda_terminal,rework,wrong_location,22,automated_sorting,synthetic
ORD-0008,2024-02-03 11:48,Inspection,inspection_operator,apparel,return,27,D,morning,pda_terminal,rework,damaged_packaging,26,vision_based_inspection,synthetic
ORD-0008,2024-02-03 12:12,Exception Review,floor_supervisor,apparel,return,27,Supervisor,morning,pda_terminal,reviewed,damaged_packaging,18,exception_decision_support,synthetic
ORD-0008,2024-02-03 12:21,Repacking,packing_operator,apparel,return,27,E,morning,pda_terminal,completed,,0,packing_assist,synthetic
ORD-0008,2024-02-03 12:35,Packing,packing_operator,apparel,return,27,E,morning,pda_terminal,rework,safety_delay,15,packing_assist,synthetic
ORD-0008,2024-02-03 13:05,Loading Support,loading_support,apparel,return,27,F,morning,pda_terminal,completed,,0,AMR_AGV_transport,synthetic
ORD-0008,2024-02-03 13:10,Daily Report,admin_operator,apparel,return,27,Admin,morning,pda_terminal,completed,,0,operational_intelligence_report,synthetic
ORD-0009,2024-01-18 15:54,Pick List Received,admin_operator,household_goods,outbound,22,Admin,afternoon,pda_terminal,completed,,0,workflow_dashboard,synthetic
ORD-0009,2024-01-18 16:00,Location Search,warehouse_operator,household_goods,outbound,22,A,afternoon,pda_terminal,completed,,0,AMR_route_support,synthetic
ORD-0009,2024-01-18 16:22,Item Picking,warehouse_operator,household_goods,outbound,22,A,afternoon,pda_terminal,completed,,0,robotic_picking_support,synthetic
ORD-0009,2024-01-18 16:25,Barcode Scan,scan_operator,household_goods,outbound,22,B,afternoon,pda_terminal,rework,scan_failure,15,barcode_ocr_verification,synthetic
ORD-0009,2024-01-18 16:30,Exception Review,floor_supervisor,household_goods,outbound,22,Supervisor,afternoon,pda_terminal,reviewed,scan_failure,7,exception_decision_support,synthetic
ORD-0009,2024-01-18 16:33,Re-scan,scan_operator,household_goods,outbound,22,B,afternoon,pda_terminal,completed,,0,barcode_ocr_verification,synthetic
ORD-0009,2024-01-18 16:42,Product Sorting,sort_operator,household_goods,outbound,22,C,afternoon,pda_terminal,rework,station_congestion,42,automated_sorting,synthetic
ORD-0009,2024-01-18 16:47,Inspection,inspection_operator,household_goods,outbound,22,D,afternoon,pda_terminal,rework,damaged_packaging,25,vision_based_inspection,synthetic
ORD-0009,2024-01-18 16:56,Exception Review,floor_supervisor,household_goods,outbound,22,Supervisor,afternoon,pda_terminal,reviewed,damaged_packaging,5,exception_decision_support,synthetic
ORD-0009,2024-01-18 17:00,Repacking,packing_operator,household_goods,outbound,22,E,afternoon,pda_terminal,completed,,0,packing_assist,synthetic
ORD-0009,2024-01-18 17:11,Packing,packing_operator,household_goods,outbound,22,E,afternoon,pda_terminal,completed,,0,packing_assist,synthetic
ORD-0009,2024-01-18 17:35,Loading Support,loading_support,household_goods,outbound,22,F,afternoon,pda_terminal,completed,,0,AMR_AGV_transport,synthetic
ORD-0009,2024-01-18 17:38,Daily Report,admin_operator,household_goods,outbound,22,Admin,afternoon,pda_terminal,completed,,0,operational_intelligence_report,synthetic
ORD-0010,2024-02-03 14:23,Pick List Received,admin_operator,household_goods,return,25,Admin,afternoon,handheld_scanner,completed,,0,workflow_dashboard,synthetic
ORD-0010,2024-02-03 14:28,Location Search,warehouse_operator,household_goods,return,25,A,afternoon,handheld_scanner,completed,,0,AMR_route_support,synthetic
ORD-0010,2024-02-03 14:38,Item Picking,warehouse_operator,household_goods,return,25,A,afternoon,handheld_scanner,completed,,0,robotic_picking_support,synthetic
ORD-0010,2024-02-03 14:46,Barcode Scan,scan_operator,household_goods,return,25,B,afternoon,handheld_scanner,exception,label_mismatch,9,barcode_ocr_verification,synthetic
ORD-0010,2024-02-03 15:05,Exception Review,floor_supervisor,household_goods,return,25,Supervisor,afternoon,handheld_scanner,reviewed,label_mismatch,12,exception_decision_support,synthetic
ORD-0010,2024-02-03 15:11,Re-scan,scan_operator,household_goods,return,25,B,afternoon,handheld_scanner,completed,,0,barcode_ocr_verification,synthetic
ORD-0010,2024-02-03 15:27,Product Sorting,sort_operator,household_goods,return,25,C,afternoon,handheld_scanner,completed,,0,automated_sorting,synthetic
ORD-0010,2024-02-03 15:47,Inspection,inspection_operator,household_goods,return,25,D,afternoon,handheld_scanner,exception,missing_item,55,vision_based_inspection,synthetic
ORD-0010,2024-02-03 16:07,Exception Review,floor_supervisor,household_goods,return,25,Supervisor,afternoon,handheld_scanner,reviewed,missing_item,12,exception_decision_support,synthetic
ORD-0010,2024-02-03 16:14,Re-inspection,inspection_operator,household_goods,return,25,D,afternoon,handheld_scanner,completed,,0,vision_based_inspection,synthetic
ORD-0010,2024-02-03 16:32,Packing,packing_operator,household_goods,return,25,E,afternoon,handheld_scanner,exception,quantity_mismatch,18,packing_assist,synthetic
ORD-0010,2024-02-03 16:41,Exception Review,floor_supervisor,household_goods,return,25,Supervisor,afternoon,handheld_scanner,reviewed,quantity_mismatch,11,exception_decision_support,synthetic
ORD-0010,2024-02-03 16:45,Re-inspection,inspection_operator,household_goods,return,25,D,afternoon,handheld_scanner,completed,,0,vision_based_inspection,synthetic
ORD-0010,2024-02-03 17:03,Loading Support,loading_support,household_goods,return,25,F,afternoon,handheld_scanner,rework,safety_delay,69,AMR_AGV_transport,synthetic
ORD-0010,2024-02-03 17:12,Daily Report,admin_operator,household_goods,return,25,Admin,afternoon,handheld_scanner,completed,,0,operational_intelligence_report,synthetic
ORD-0011,2024-01-31 15:01,Pick List Received,admin_operator,apparel,outbound,27,Admin,afternoon,handheld_scanner,completed,,0,workflow_dashboard,synthetic
ORD-0011,2024-01-31 15:03,Location Search,warehouse_operator,apparel,outbound,27,A,afternoon,handheld_scanner,completed,,0,AMR_route_support,synthetic
ORD-0011,2024-01-31 15:20,Item Picking,warehouse_operator,apparel,outbound,27,A,afternoon,handheld_scanner,completed,,0,robotic_picking_support,synthetic
ORD-0011,2024-01-31 15:26,Barcode Scan,scan_operator,apparel,outbound,27,B,afternoon,handheld_scanner,completed,,0,barcode_ocr_verification,synthetic
ORD-0011,2024-01-31 15:41,Product Sorting,sort_operator,apparel,outbound,27,C,afternoon,handheld_scanner,completed,,0,automated_sorting,synthetic
ORD-0011,2024-01-31 15:58,Inspection,inspection_operator,apparel,outbound,27,D,afternoon,handheld_scanner,completed,,0,vision_based_inspection,synthetic
ORD-0011,2024-01-31 16:19,Packing,packing_operator,apparel,outbound,27,E,afternoon,handheld_scanner,exception,label_mismatch,6,packing_assist,synthetic
ORD-0011,2024-01-31 16:36,Exception Review,floor_supervisor,apparel,outbound,27,Supervisor,afternoon,handheld_scanner,reviewed,label_mismatch,8,exception_decision_support,synthetic
ORD-0011,2024-01-31 16:38,Re-scan,scan_operator,apparel,outbound,27,B,afternoon,handheld_scanner,completed,,0,barcode_ocr_verification,synthetic
ORD-0011,2024-01-31 16:57,Loading Support,loading_support,apparel,outbound,27,F,afternoon,handheld_scanner,rework,safety_delay,16,AMR_AGV_transport,synthetic
ORD-0011,2024-01-31 16:59,Daily Report,admin_operator,apparel,outbound,27,Admin,afternoon,handheld_scanner,completed,,0,operational_intelligence_report,synthetic
ORD-0012,2024-02-03 13:47,Pick List Received,admin_operator,mixed_goods,outbound,3,Admin,afternoon,pda_terminal,completed,,0,workflow_dashboard,synthetic
ORD-0012,2024-02-03 13:56,Location Search,warehouse_operator,mixed_goods,outbound,3,A,afternoon,pda_terminal,completed,,0,AMR_route_support,synthetic
ORD-0012,2024-02-03 14:04,Item Picking,warehouse_operator,mixed_goods,outbound,3,A,afternoon,pda_terminal,completed,,0,robotic_picking_support,synthetic
ORD-0012,2024-02-03 14:08,Barcode Scan,scan_operator,mixed_goods,outbound,3,B,afternoon,pda_terminal,exception,wrong_location,34,barcode_ocr_verification,synthetic
ORD-0012,2024-02-03 14:20,Product Sorting,sort_operator,mixed_goods,outbound,3,C,afternoon,pda_terminal,completed,,0,automated_sorting,synthetic
ORD-0012,2024-02-03 14:35,Inspection,inspection_operator,mixed_goods,outbound,3,D,afternoon,pda_terminal,rework,wrong_location,13,vision_based_inspection,synthetic
ORD-0012,2024-02-03 14:57,Packing,packing_operator,mixed_goods,outbound,3,E,afternoon,pda_terminal,completed,,0,packing_assist,synthetic
ORD-0012,2024-02-03 15:13,Loading Support,loading_support,mixed_goods,outbound,3,F,afternoon,pda_terminal,completed,,0,AMR_AGV_transport,synthetic
ORD-0012,2024-02-03 15:20,Daily Report,admin_operator,mixed_goods,outbound,3,Admin,afternoon,pda_terminal,completed,,0,operational_intelligence_report,synthetic
ORD-0013,2024-01-16 12:17,Pick List Received,admin_operator,apparel,outbound,27,Admin,morning,pda_terminal,completed,,0,workflow_dashboard,synthetic
ORD-0013,2024-01-16 12:25,Location Search,warehouse_operator,apparel,outbound,27,A,morning,pda_terminal,completed,,0,AMR_route_support,synthetic
ORD-0013,2024-01-16 12:35,Item Picking,warehouse_operator,apparel,outbound,27,A,morning,pda_terminal,completed,,0,robotic_picking_support,synthetic
ORD-0013,2024-01-16 12:40,Barcode Scan,scan_operator,apparel,outbound,27,B,morning,pda_terminal,completed,,0,barcode_ocr_verification,synthetic
ORD-0013,2024-01-16 12:58,Product Sorting,sort_operator,apparel,outbound,27,C,morning,pda_terminal,rework,station_congestion,27,automated_sorting,synthetic
ORD-0013,2024-01-16 13:15,Inspection,inspection_operator,apparel,outbound,27,D,morning,pda_terminal,rework,safety_delay,37,vision_based_inspection,synthetic
ORD-0013,2024-01-16 13:29,Packing,packing_operator,apparel,outbound,27,E,morning,pda_terminal,rework,damaged_packaging,43,packing_assist,synthetic
ORD-0013,2024-01-16 13:49,Exception Review,floor_supervisor,apparel,outbound,27,Supervisor,morning,pda_terminal,reviewed,damaged_packaging,12,exception_decision_support,synthetic
ORD-0013,2024-01-16 14:04,Repacking,packing_operator,apparel,outbound,27,E,morning,pda_terminal,completed,,0,packing_assist,synthetic
ORD-0013,2024-01-16 14:24,Loading Support,loading_support,apparel,outbound,27,F,morning,pda_terminal,completed,,0,AMR_AGV_transport,synthetic
ORD-0013,2024-01-16 14:33,Daily Report,admin_operator,apparel,outbound,27,Admin,morning,pda_terminal,completed,,0,operational_intelligence_report,synthetic
ORD-0014,2024-02-11 11:00,Pick List Received,admin_operator,household_goods,outbound,26,Admin,morning,pda_terminal,completed,,0,workflow_dashboard,synthetic
ORD-0014,2024-02-11 11:07,Location Search,warehouse_operator,household_goods,outbound,26,A,morning,pda_terminal,completed,,0,AMR_route_support,synthetic
ORD-0014,2024-02-11 11:26,Item Picking,warehouse_operator,household_goods,outbound,26,A,morning,pda_terminal,completed,,0,robotic_picking_support,synthetic
ORD-0014,2024-02-11 11:31,Barcode Scan,scan_operator,household_goods,outbound,26,B,morning,pda_terminal,exception,quantity_mismatch,11,barcode_ocr_verification,synthetic
ORD-0014,2024-02-11 11:51,Exception Review,floor_supervisor,household_goods,outbound,26,Supervisor,morning,pda_terminal,reviewed,quantity_mismatch,13,exception_decision_support,synthetic
ORD-0014,2024-02-11 12:05,Re-inspection,inspection_operator,household_goods,outbound,26,D,morning,pda_terminal,completed,,0,vision_based_inspection,synthetic
ORD-0014,2024-02-11 12:17,Product Sorting,sort_operator,household_goods,outbound,26,C,morning,pda_terminal,completed,,0,automated_sorting,synthetic
ORD-0014,2024-02-11 12:26,Inspection,inspection_operator,household_goods,outbound,26,D,morning,pda_terminal,exception,damaged_packaging,44,vision_based_inspection,synthetic
ORD-0014,2024-02-11 12:40,Exception Review,floor_supervisor,household_goods,outbound,26,Supervisor,morning,pda_terminal,reviewed,damaged_packaging,9,exception_decision_support,synthetic
ORD-0014,2024-02-11 12:54,Repacking,packing_operator,household_goods,outbound,26,E,morning,pda_terminal,completed,,0,packing_assist,synthetic
ORD-0014,2024-02-11 13:13,Packing,packing_operator,household_goods,outbound,26,E,morning,pda_terminal,exception,damaged_packaging,38,packing_assist,synthetic
ORD-0014,2024-02-11 13:21,Exception Review,floor_supervisor,household_goods,outbound,26,Supervisor,morning,pda_terminal,reviewed,damaged_packaging,7,exception_decision_support,synthetic
ORD-0014,2024-02-11 13:31,Repacking,packing_operator,household_goods,outbound,26,E,morning,pda_terminal,completed,,0,packing_assist,synthetic
ORD-0014,2024-02-11 13:51,Loading Support,loading_support,household_goods,outbound,26,F,morning,pda_terminal,rework,damaged_packaging,29,AMR_AGV_transport,synthetic
ORD-0014,2024-02-11 14:15,Exception Review,floor_supervisor,household_goods,outbound,26,Supervisor,morning,pda_terminal,reviewed,damaged_packaging,12,exception_decision_support,synthetic
ORD-0014,2024-02-11 14:31,Repacking,packing_operator,household_goods,outbound,26,E,morning,pda_terminal,completed,,0,packing_assist,synthetic
ORD-0014,2024-02-11 14:41,Daily Report,admin_operator,household_goods,outbound,26,Admin,morning,pda_terminal,completed,,0,operational_intelligence_report,synthetic
ORD-0015,2024-01-10 08:47,Pick List Received,admin_operator,household_goods,transfer,28,Admin,morning,handheld_scanner,completed,,0,workflow_dashboard,synthetic
ORD-0015,2024-01-10 08:51,Location Search,warehouse_operator,household_goods,transfer,28,A,morning,handheld_scanner,completed,,0,AMR_route_support,synthetic
ORD-0015,2024-01-10 09:03,Item Picking,warehouse_operator,household_goods,transfer,28,A,morning,handheld_scanner,completed,,0,robotic_picking_support,synthetic
ORD-0015,2024-01-10 09:06,Barcode Scan,scan_operator,household_goods,transfer,28,B,morning,handheld_scanner,completed,,0,barcode_ocr_verification,synthetic
ORD-0015,2024-01-10 09:14,Product Sorting,sort_operator,household_goods,transfer,28,C,morning,handheld_scanner,rework,label_mismatch,21,automated_sorting,synthetic
ORD-0015,2024-01-10 09:21,Exception Review,floor_supervisor,household_goods,transfer,28,Supervisor,morning,handheld_scanner,reviewed,label_mismatch,6,exception_decision_support,synthetic
ORD-0015,2024-01-10 09:24,Re-scan,scan_operator,household_goods,transfer,28,B,morning,handheld_scanner,completed,,0,barcode_ocr_verification,synthetic
ORD-0015,2024-01-10 09:33,Inspection,inspection_operator,household_goods,transfer,28,D,morning,handheld_scanner,rework,missing_item,18,vision_based_inspection,synthetic
ORD-0015,2024-01-10 09:57,Exception Review,floor_supervisor,household_goods,transfer,28,Supervisor,morning,handheld_scanner,reviewed,missing_item,14,exception_decision_support,synthetic
ORD-0015,2024-01-10 10:07,Re-inspection,inspection_operator,household_goods,transfer,28,D,morning,handheld_scanner,completed,,0,vision_based_inspection,synthetic
ORD-0015,2024-01-10 10:14,Packing,packing_operator,household_goods,transfer,28,E,morning,handheld_scanner,exception,temperature_hold,25,packing_assist,synthetic
ORD-0015,2024-01-10 10:32,Loading Support,loading_support,household_goods,transfer,28,F,morning,handheld_scanner,completed,,0,AMR_AGV_transport,synthetic
ORD-0015,2024-01-10 10:38,Daily Report,admin_operator,household_goods,transfer,28,Admin,morning,handheld_scanner,completed,,0,operational_intelligence_report,synthetic
ORD-0016,2024-02-06 15:07,Pick List Received,admin_operator,apparel,outbound,2,Admin,afternoon,fixed_scanner,completed,,0,workflow_dashboard,synthetic
ORD-0016,2024-02-06 15:13,Location Search,warehouse_operator,apparel,outbound,2,A,afternoon,fixed_scanner,completed,,0,AMR_route_support,synthetic
ORD-0016,2024-02-06 15:23,Item Picking,warehouse_operator,apparel,outbound,2,A,afternoon,fixed_scanner,completed,,0,robotic_picking_support,synthetic
ORD-0016,2024-02-06 15:30,Barcode Scan,scan_operator,apparel,outbound,2,B,afternoon,fixed_scanner,completed,,0,barcode_ocr_verification,synthetic
ORD-0016,2024-02-06 15:48,Product Sorting,sort_operator,apparel,outbound,2,C,afternoon,fixed_scanner,completed,,0,automated_sorting,synthetic
ORD-0016,2024-02-06 16:06,Inspection,inspection_operator,apparel,outbound,2,D,afternoon,fixed_scanner,exception,damaged_packaging,31,vision_based_inspection,synthetic
ORD-0016,2024-02-06 16:28,Exception Review,floor_supervisor,apparel,outbound,2,Supervisor,afternoon,fixed_scanner,reviewed,damaged_packaging,6,exception_decision_support,synthetic
ORD-0016,2024-02-06 16:39,Repacking,packing_operator,apparel,outbound,2,E,afternoon,fixed_scanner,completed,,0,packing_assist,synthetic
ORD-0016,2024-02-06 16:45,Packing,packing_operator,apparel,outbound,2,E,afternoon,fixed_scanner,exception,wrong_location,31,packing_assist,synthetic
ORD-0016,2024-02-06 16:56,Loading Support,loading_support,apparel,outbound,2,F,afternoon,fixed_scanner,completed,,0,AMR_AGV_transport,synthetic
ORD-0016,2024-02-06 17:05,Daily Report,admin_operator,apparel,outbound,2,Admin,afternoon,fixed_scanner,completed,,0,operational_intelligence_report,synthetic
ORD-0017,2024-02-08 11:33,Pick List Received,admin_operator,food,return,36,Admin,morning,handheld_scanner,completed,,0,workflow_dashboard,synthetic
ORD-0017,2024-02-08 11:37,Location Search,warehouse_operator,food,return,36,A,morning,handheld_scanner,completed,,0,AMR_route_support,synthetic
ORD-0017,2024-02-08 11:51,Item Picking,warehouse_operator,food,return,36,A,morning,handheld_scanner,completed,,0,robotic_picking_support,synthetic
ORD-0017,2024-02-08 11:52,Barcode Scan,scan_operator,food,return,36,B,morning,handheld_scanner,completed,,0,barcode_ocr_verification,synthetic
ORD-0017,2024-02-08 11:57,Product Sorting,sort_operator,food,return,36,C,morning,handheld_scanner,rework,damaged_packaging,19,automated_sorting,synthetic
ORD-0017,2024-02-08 12:15,Exception Review,floor_supervisor,food,return,36,Supervisor,morning,handheld_scanner,reviewed,damaged_packaging,20,exception_decision_support,synthetic
ORD-0017,2024-02-08 12:26,Repacking,packing_operator,food,return,36,E,morning,handheld_scanner,completed,,0,packing_assist,synthetic
ORD-0017,2024-02-08 12:36,Inspection,inspection_operator,food,return,36,D,morning,handheld_scanner,exception,missing_item,19,vision_based_inspection,synthetic
ORD-0017,2024-02-08 12:51,Exception Review,floor_supervisor,food,return,36,Supervisor,morning,handheld_scanner,reviewed,missing_item,13,exception_decision_support,synthetic
ORD-0017,2024-02-08 12:54,Re-inspection,inspection_operator,food,return,36,D,morning,handheld_scanner,completed,,0,vision_based_inspection,synthetic
ORD-0017,2024-02-08 13:07,Packing,packing_operator,food,return,36,E,morning,handheld_scanner,completed,,0,packing_assist,synthetic
ORD-0017,2024-02-08 13:30,Loading Support,loading_support,food,return,36,F,morning,handheld_scanner,completed,,0,AMR_AGV_transport,synthetic
ORD-0017,2024-02-08 13:39,Daily Report,admin_operator,food,return,36,Admin,morning,handheld_scanner,completed,,0,operational_intelligence_report,synthetic
ORD-0018,2024-02-20 16:16,Pick List Received,admin_operator,cosmetics,outbound,22,Admin,afternoon,pda_terminal,completed,,0,workflow_dashboard,synthetic
ORD-0018,2024-02-20 16:24,Location Search,warehouse_operator,cosmetics,outbound,22,A,afternoon,pda_terminal,completed,,0,AMR_route_support,synthetic
ORD-0018,2024-02-20 16:36,Item Picking,warehouse_operator,cosmetics,outbound,22,A,afternoon,pda_terminal,completed,,0,robotic_picking_support,synthetic
ORD-0018,2024-02-20 16:43,Barcode Scan,scan_operator,cosmetics,outbound,22,B,afternoon,pda_terminal,rework,label_mismatch,18,barcode_ocr_verification,synthetic
ORD-0018,2024-02-20 16:51,Exception Review,floor_supervisor,cosmetics,outbound,22,Supervisor,afternoon,pda_terminal,reviewed,label_mismatch,10,exception_decision_support,synthetic
ORD-0018,2024-02-20 16:52,Re-scan,scan_operator,cosmetics,outbound,22,B,afternoon,pda_terminal,completed,,0,barcode_ocr_verification,synthetic
ORD-0018,2024-02-20 17:09,Product Sorting,sort_operator,cosmetics,outbound,22,C,afternoon,pda_terminal,exception,label_mismatch,10,automated_sorting,synthetic
ORD-0018,2024-02-20 17:24,Exception Review,floor_supervisor,cosmetics,outbound,22,Supervisor,afternoon,pda_terminal,reviewed,label_mismatch,11,exception_decision_support,synthetic
ORD-0018,2024-02-20 17:28,Re-scan,scan_operator,cosmetics,outbound,22,B,afternoon,pda_terminal,completed,,0,barcode_ocr_verification,synthetic
ORD-0018,2024-02-20 17:41,Inspection,inspection_operator,cosmetics,outbound,22,D,afternoon,pda_terminal,completed,,0,vision_based_inspection,synthetic
ORD-0018,2024-02-20 18:00,Packing,packing_operator,cosmetics,outbound,22,E,afternoon,pda_terminal,completed,,0,packing_assist,synthetic
ORD-0018,2024-02-20 18:06,Loading Support,loading_support,cosmetics,outbound,22,F,afternoon,pda_terminal,completed,,0,AMR_AGV_transport,synthetic
ORD-0018,2024-02-20 18:11,Daily Report,admin_operator,cosmetics,outbound,22,Admin,afternoon,pda_terminal,completed,,0,operational_intelligence_report,synthetic
ORD-0019,2024-01-15 21:17,Pick List Received,admin_operator,food,transfer,6,Admin,night,handheld_scanner,completed,,0,workflow_dashboard,synthetic
ORD-0019,2024-01-15 21:19,Location Search,warehouse_operator,food,transfer,6,A,night,handheld_scanner,completed,,0,AMR_route_support,synthetic
ORD-0019,2024-01-15 21:25,Item Picking,warehouse_operator,food,transfer,6,A,night,handheld_scanner,completed,,0,robotic_picking_support,synthetic
ORD-0019,2024-01-15 21:31,Barcode Scan,scan_operator,food,transfer,6,B,night,handheld_scanner,completed,,0,barcode_ocr_verification,synthetic
ORD-0019,2024-01-15 21:43,Product Sorting,sort_operator,food,transfer,6,C,night,handheld_scanner,exception,wrong_location,15,automated_sorting,synthetic
ORD-0019,2024-01-15 21:53,Inspection,inspection_operator,food,transfer,6,D,night,handheld_scanner,rework,station_congestion,10,vision_based_inspection,synthetic
ORD-0019,2024-01-15 22:06,Packing,packing_operator,food,transfer,6,E,night,handheld_scanner,completed,,0,packing_assist,synthetic
ORD-0019,2024-01-15 22:16,Loading Support,loading_support,food,transfer,6,F,night,handheld_scanner,rework,damaged_packaging,26,AMR_AGV_transport,synthetic
ORD-0019,2024-01-15 22:24,Exception Review,floor_supervisor,food,transfer,6,Supervisor,night,handheld_scanner,reviewed,damaged_packaging,12,exception_decision_support,synthetic
ORD-0019,2024-01-15 22:34,Repacking,packing_operator,food,transfer,6,E,night,handheld_scanner,completed,,0,packing_assist,synthetic
ORD-0019,2024-01-15 22:41,Daily Report,admin_operator,food,transfer,6,Admin,night,handheld_scanner,completed,,0,operational_intelligence_report,synthetic
ORD-0020,2024-01-09 12:11,Pick List Received,admin_operator,food,transfer,26,Admin,morning,handheld_scanner,completed,,0,workflow_dashboard,synthetic
ORD-0020,2024-01-09 12:16,Location Search,warehouse_operator,food,transfer,26,A,morning,handheld_scanner,completed,,0,AMR_route_support,synthetic
ORD-0020,2024-01-09 12:41,Item Picking,warehouse_operator,food,transfer,26,A,morning,handheld_scanner,completed,,0,robotic_picking_support,synthetic
ORD-0020,2024-01-09 12:45,Barcode Scan,scan_operator,food,transfer,26,B,morning,handheld_scanner,completed,,0,barcode_ocr_verification,synthetic
ORD-0020,2024-01-09 12:52,Product Sorting,sort_operator,food,transfer,26,C,morning,handheld_scanner,completed,,0,automated_sorting,synthetic
ORD-0020,2024-01-09 12:56,Inspection,inspection_operator,food,transfer,26,D,morning,handheld_scanner,exception,damaged_packaging,15,vision_based_inspection,synthetic
ORD-0020,2024-01-09 13:06,Exception Review,floor_supervisor,food,transfer,26,Supervisor,morning,handheld_scanner,reviewed,damaged_packaging,11,exception_decision_support,synthetic
ORD-0020,2024-01-09 13:12,Repacking,packing_operator,food,transfer,26,E,morning,handheld_scanner,completed,,0,packing_assist,synthetic
ORD-0020,2024-01-09 13:33,Packing,packing_operator,food,transfer,26,E,morning,handheld_scanner,completed,,0,packing_assist,synthetic
ORD-0020,2024-01-09 13:49,Loading Support,loading_support,food,transfer,26,F,morning,handheld_scanner,completed,,0,AMR_AGV_transport,synthetic
ORD-0020,2024-01-09 13:55,Daily Report,admin_operator,food,transfer,26,Admin,morning,handheld_scanner,completed,,0,operational_intelligence_report,synthetic
ORD-0021,2024-02-09 13:36,Pick List Received,admin_operator,cosmetics,outbound,31,Admin,afternoon,fixed_scanner,completed,,0,workflow_dashboard,synthetic
ORD-0021,2024-02-09 13:41,Location Search,warehouse_operator,cosmetics,outbound,31,A,afternoon,fixed_scanner,completed,,0,AMR_route_support,synthetic
ORD-0021,2024-02-09 13:58,Item Picking,warehouse_operator,cosmetics,outbound,31,A,afternoon,fixed_scanner,completed,,0,robotic_picking_support,synthetic
ORD-0021,2024-02-09 14:04,Barcode Scan,scan_operator,cosmetics,outbound,31,B,afternoon,fixed_scanner,exception,label_mismatch,14,barcode_ocr_verification,synthetic
ORD-0021,2024-02-09 14:29,Exception Review,floor_supervisor,cosmetics,outbound,31,Supervisor,afternoon,fixed_scanner,reviewed,label_mismatch,8,exception_decision_support,synthetic
ORD-0021,2024-02-09 14:30,Re-scan,scan_operator,cosmetics,outbound,31,B,afternoon,fixed_scanner,completed,,0,barcode_ocr_verification,synthetic
ORD-0021,2024-02-09 14:40,Product Sorting,sort_operator,cosmetics,outbound,31,C,afternoon,fixed_scanner,rework,station_congestion,29,automated_sorting,synthetic
ORD-0021,2024-02-09 14:46,Inspection,inspection_operator,cosmetics,outbound,31,D,afternoon,fixed_scanner,rework,quantity_mismatch,11,vision_based_inspection,synthetic
ORD-0021,2024-02-09 15:02,Exception Review,floor_supervisor,cosmetics,outbound,31,Supervisor,afternoon,fixed_scanner,reviewed,quantity_mismatch,18,exception_decision_support,synthetic
ORD-0021,2024-02-09 15:14,Re-inspection,inspection_operator,cosmetics,outbound,31,D,afternoon,fixed_scanner,completed,,0,vision_based_inspection,synthetic
ORD-0021,2024-02-09 15:22,Packing,packing_operator,cosmetics,outbound,31,E,afternoon,fixed_scanner,completed,,0,packing_assist,synthetic
ORD-0021,2024-02-09 15:47,Loading Support,loading_support,cosmetics,outbound,31,F,afternoon,fixed_scanner,rework,damaged_packaging,33,AMR_AGV_transport,synthetic
ORD-0021,2024-02-09 15:55,Exception Review,floor_supervisor,cosmetics,outbound,31,Supervisor,afternoon,fixed_scanner,reviewed,damaged_packaging,16,exception_decision_support,synthetic
ORD-0021,2024-02-09 16:07,Repacking,packing_operator,cosmetics,outbound,31,E,afternoon,fixed_scanner,completed,,0,packing_assist,synthetic
ORD-0021,2024-02-09 16:14,Daily Report,admin_operator,cosmetics,outbound,31,Admin,afternoon,fixed_scanner,completed,,0,operational_intelligence_report,synthetic
ORD-0022,2024-01-30 21:47,Pick List Received,admin_operator,apparel,outbound,30,Admin,night,handheld_scanner,completed,,0,workflow_dashboard,synthetic
ORD-0022,2024-01-30 21:52,Location Search,warehouse_operator,apparel,outbound,30,A,night,handheld_scanner,completed,,0,AMR_route_support,synthetic
ORD-0022,2024-01-30 21:59,Item Picking,warehouse_operator,apparel,outbound,30,A,night,handheld_scanner,completed,,0,robotic_picking_support,synthetic
ORD-0022,2024-01-30 22:03,Barcode Scan,scan_operator,apparel,outbound,30,B,night,handheld_scanner,completed,,0,barcode_ocr_verification,synthetic
ORD-0022,2024-01-30 22:13,Product Sorting,sort_operator,apparel,outbound,30,C,night,handheld_scanner,exception,wrong_location,14,automated_sorting,synthetic
ORD-0022,2024-01-30 22:19,Inspection,inspection_operator,apparel,outbound,30,D,night,handheld_scanner,completed,,0,vision_based_inspection,synthetic
ORD-0022,2024-01-30 22:23,Packing,packing_operator,apparel,outbound,30,E,night,handheld_scanner,exception,damaged_packaging,11,packing_assist,synthetic
ORD-0022,2024-01-30 22:44,Exception Review,floor_supervisor,apparel,outbound,30,Supervisor,night,handheld_scanner,reviewed,damaged_packaging,8,exception_decision_support,synthetic
ORD-0022,2024-01-30 22:59,Repacking,packing_operator,apparel,outbound,30,E,night,handheld_scanner,completed,,0,packing_assist,synthetic
ORD-0022,2024-01-30 23:06,Loading Support,loading_support,apparel,outbound,30,F,night,handheld_scanner,completed,,0,AMR_AGV_transport,synthetic
ORD-0022,2024-01-30 23:13,Daily Report,admin_operator,apparel,outbound,30,Admin,night,handheld_scanner,completed,,0,operational_intelligence_report,synthetic
ORD-0023,2024-02-10 14:04,Pick List Received,admin_operator,food,outbound,3,Admin,afternoon,pda_terminal,completed,,0,workflow_dashboard,synthetic
ORD-0023,2024-02-10 14:12,Location Search,warehouse_operator,food,outbound,3,A,afternoon,pda_terminal,completed,,0,AMR_route_support,synthetic
ORD-0023,2024-02-10 14:20,Item Picking,warehouse_operator,food,outbound,3,A,afternoon,pda_terminal,completed,,0,robotic_picking_support,synthetic
ORD-0023,2024-02-10 14:28,Barcode Scan,scan_operator,food,outbound,3,B,afternoon,pda_terminal,completed,,0,barcode_ocr_verification,synthetic
ORD-0023,2024-02-10 14:45,Product Sorting,sort_operator,food,outbound,3,C,afternoon,pda_terminal,exception,label_mismatch,10,automated_sorting,synthetic
ORD-0023,2024-02-10 15:02,Exception Review,floor_supervisor,food,outbound,3,Supervisor,afternoon,pda_terminal,reviewed,label_mismatch,12,exception_decision_support,synthetic
ORD-0023,2024-02-10 15:07,Re-scan,scan_operator,food,outbound,3,B,afternoon,pda_terminal,completed,,0,barcode_ocr_verification,synthetic
ORD-0023,2024-02-10 15:19,Inspection,inspection_operator,food,outbound,3,D,afternoon,pda_terminal,rework,missing_item,56,vision_based_inspection,synthetic
ORD-0023,2024-02-10 15:37,Exception Review,floor_supervisor,food,outbound,3,Supervisor,afternoon,pda_terminal,reviewed,missing_item,19,exception_decision_support,synthetic
ORD-0023,2024-02-10 15:43,Re-inspection,inspection_operator,food,outbound,3,D,afternoon,pda_terminal,completed,,0,vision_based_inspection,synthetic
ORD-0023,2024-02-10 16:00,Packing,packing_operator,food,outbound,3,E,afternoon,pda_terminal,rework,missing_item,35,packing_assist,synthetic
ORD-0023,2024-02-10 16:20,Exception Review,floor_supervisor,food,outbound,3,Supervisor,afternoon,pda_terminal,reviewed,missing_item,7,exception_decision_support,synthetic
ORD-0023,2024-02-10 16:24,Re-inspection,inspection_operator,food,outbound,3,D,afternoon,pda_terminal,completed,,0,vision_based_inspection,synthetic
ORD-0023,2024-02-10 16:31,Loading Support,loading_support,food,outbound,3,F,afternoon,pda_terminal,exception,damaged_packaging,45,AMR_AGV_transport,synthetic
ORD-0023,2024-02-10 16:39,Exception Review,floor_supervisor,food,outbound,3,Supervisor,afternoon,pda_terminal,reviewed,damaged_packaging,18,exception_decision_support,synthetic
ORD-0023,2024-02-10 16:48,Repacking,packing_operator,food,outbound,3,E,afternoon,pda_terminal,completed,,0,packing_assist,synthetic
ORD-0023,2024-02-10 16:56,Daily Report,admin_operator,food,outbound,3,Admin,afternoon,pda_terminal,completed,,0,operational_intelligence_report,synthetic
ORD-0024,2024-03-07 22:45,Pick List Received,admin_operator,cosmetics,return,20,Admin,night,handheld_scanner,completed,,0,workflow_dashboard,synthetic
ORD-0024,2024-03-07 22:52,Location Search,warehouse_operator,cosmetics,return,20,A,night,handheld_scanner,completed,,0,AMR_route_support,synthetic
ORD-0024,2024-03-07 23:14,Item Picking,warehouse_operator,cosmetics,return,20,A,night,handheld_scanner,completed,,0,robotic_picking_support,synthetic
ORD-0024,2024-03-07 23:20,Barcode Scan,scan_operator,cosmetics,return,20,B,night,handheld_scanner,exception,label_mismatch,13,barcode_ocr_verification,synthetic
ORD-0024,2024-03-07 23:44,Exception Review,floor_supervisor,cosmetics,return,20,Supervisor,night,handheld_scanner,reviewed,label_mismatch,7,exception_decision_support,synthetic
ORD-0024,2024-03-07 23:45,Re-scan,scan_operator,cosmetics,return,20,B,night,handheld_scanner,completed,,0,barcode_ocr_verification,synthetic
ORD-0024,2024-03-07 23:53,Product Sorting,sort_operator,cosmetics,return,20,C,night,handheld_scanner,rework,wrong_location,37,automated_sorting,synthetic
ORD-0024,2024-03-07 23:58,Inspection,inspection_operator,cosmetics,return,20,D,night,handheld_scanner,rework,quantity_mismatch,31,vision_based_inspection,synthetic
ORD-0024,2024-03-08 00:08,Exception Review,floor_supervisor,cosmetics,return,20,Supervisor,night,handheld_scanner,reviewed,quantity_mismatch,16,exception_decision_support,synthetic
ORD-0024,2024-03-08 00:15,Re-inspection,inspection_operator,cosmetics,return,20,D,night,handheld_scanner,completed,,0,vision_based_inspection,synthetic
ORD-0024,2024-03-08 00:29,Packing,packing_operator,cosmetics,return,20,E,night,handheld_scanner,completed,,0,packing_assist,synthetic
ORD-0024,2024-03-08 00:52,Loading Support,loading_support,cosmetics,return,20,F,night,handheld_scanner,completed,,0,AMR_AGV_transport,synthetic
ORD-0024,2024-03-08 00:54,Daily Report,admin_operator,cosmetics,return,20,Admin,night,handheld_scanner,completed,,0,operational_intelligence_report,synthetic
ORD-0025,2024-02-26 11:49,Pick List Received,admin_operator,apparel,return,6,Admin,morning,handheld_scanner,completed,,0,workflow_dashboard,synthetic
ORD-0025,2024-02-26 11:59,Location Search,warehouse_operator,apparel,return,6,A,morning,handheld_scanner,completed,,0,AMR_route_support,synthetic
ORD-0025,2024-02-26 12:07,Item Picking,warehouse_operator,apparel,return,6,A,morning,handheld_scanner,completed,,0,robotic_picking_support,synthetic
ORD-0025,2024-02-26 12:13,Barcode Scan,scan_operator,apparel,return,6,B,morning,handheld_scanner,exception,wrong_location,11,barcode_ocr_verification,synthetic
ORD-0025,2024-02-26 12:16,Product Sorting,sort_operator,apparel,return,6,C,morning,handheld_scanner,rework,damaged_packaging,28,automated_sorting,synthetic
ORD-0025,2024-02-26 12:26,Exception Review,floor_supervisor,apparel,return,6,Supervisor,morning,handheld_scanner,reviewed,damaged_packaging,9,exception_decision_support,synthetic
ORD-0025,2024-02-26 12:36,Repacking,packing_operator,apparel,return,6,E,morning,handheld_scanner,completed,,0,packing_assist,synthetic
ORD-0025,2024-02-26 12:56,Inspection,inspection_operator,apparel,return,6,D,morning,handheld_scanner,completed,,0,vision_based_inspection,synthetic
ORD-0025,2024-02-26 13:16,Packing,packing_operator,apparel,return,6,E,morning,handheld_scanner,completed,,0,packing_assist,synthetic
ORD-0025,2024-02-26 13:42,Loading Support,loading_support,apparel,return,6,F,morning,handheld_scanner,completed,,0,AMR_AGV_transport,synthetic
ORD-0025,2024-02-26 13:45,Daily Report,admin_operator,apparel,return,6,Admin,morning,handheld_scanner,completed,,0,operational_intelligence_report,synthetic
ORD-0026,2024-02-12 11:49,Pick List Received,admin_operator,household_goods,return,30,Admin,morning,fixed_scanner,completed,,0,workflow_dashboard,synthetic
ORD-0026,2024-02-12 11:57,Location Search,warehouse_operator,household_goods,return,30,A,morning,fixed_scanner,completed,,0,AMR_route_support,synthetic
ORD-0026,2024-02-12 12:02,Item Picking,warehouse_operator,household_goods,return,30,A,morning,fixed_scanner,completed,,0,robotic_picking_support,synthetic
ORD-0026,2024-02-12 12:08,Barcode Scan,scan_operator,household_goods,return,30,B,morning,fixed_scanner,rework,scan_failure,18,barcode_ocr_verification,synthetic
ORD-0026,2024-02-12 12:31,Exception Review,floor_supervisor,household_goods,return,30,Supervisor,morning,fixed_scanner,reviewed,scan_failure,9,exception_decision_support,synthetic
ORD-0026,2024-02-12 12:36,Re-scan,scan_operator,household_goods,return,30,B,morning,fixed_scanner,completed,,0,barcode_ocr_verification,synthetic
ORD-0026,2024-02-12 12:41,Product Sorting,sort_operator,household_goods,return,30,C,morning,fixed_scanner,exception,missing_item,47,automated_sorting,synthetic
ORD-0026,2024-02-12 13:02,Exception Review,floor_supervisor,household_goods,return,30,Supervisor,morning,fixed_scanner,reviewed,missing_item,11,exception_decision_support,synthetic
ORD-0026,2024-02-12 13:17,Re-inspection,inspection_operator,household_goods,return,30,D,morning,fixed_scanner,completed,,0,vision_based_inspection,synthetic
ORD-0026,2024-02-12 13:31,Inspection,inspection_operator,household_goods,return,30,D,morning,fixed_scanner,rework,damaged_packaging,19,vision_based_inspection,synthetic
ORD-0026,2024-02-12 13:56,Exception Review,floor_supervisor,household_goods,return,30,Supervisor,morning,fixed_scanner,reviewed,damaged_packaging,7,exception_decision_support,synthetic
ORD-0026,2024-02-12 14:02,Repacking,packing_operator,household_goods,return,30,E,morning,fixed_scanner,completed,,0,packing_assist,synthetic
ORD-0026,2024-02-12 14:21,Packing,packing_operator,household_goods,return,30,E,morning,fixed_scanner,rework,temperature_hold,76,packing_assist,synthetic
ORD-0026,2024-02-12 14:28,Loading Support,loading_support,household_goods,return,30,F,morning,fixed_scanner,completed,,0,AMR_AGV_transport,synthetic
ORD-0026,2024-02-12 14:34,Daily Report,admin_operator,household_goods,return,30,Admin,morning,fixed_scanner,completed,,0,operational_intelligence_report,synthetic
ORD-0027,2024-02-29 08:49,Pick List Received,admin_operator,cosmetics,outbound,5,Admin,morning,handheld_scanner,completed,,0,workflow_dashboard,synthetic
ORD-0027,2024-02-29 08:52,Location Search,warehouse_operator,cosmetics,outbound,5,A,morning,handheld_scanner,completed,,0,AMR_route_support,synthetic
ORD-0027,2024-02-29 09:16,Item Picking,warehouse_operator,cosmetics,outbound,5,A,morning,handheld_scanner,completed,,0,robotic_picking_support,synthetic
ORD-0027,2024-02-29 09:23,Barcode Scan,scan_operator,cosmetics,outbound,5,B,morning,handheld_scanner,rework,wrong_location,20,barcode_ocr_verification,synthetic
ORD-0027,2024-02-29 09:27,Product Sorting,sort_operator,cosmetics,outbound,5,C,morning,handheld_scanner,rework,station_congestion,12,automated_sorting,synthetic
ORD-0027,2024-02-29 09:44,Inspection,inspection_operator,cosmetics,outbound,5,D,morning,handheld_scanner,rework,station_congestion,48,vision_based_inspection,synthetic
ORD-0027,2024-02-29 09:50,Packing,packing_operator,cosmetics,outbound,5,E,morning,handheld_scanner,rework,missing_item,20,packing_assist,synthetic
ORD-0027,2024-02-29 10:06,Exception Review,floor_supervisor,cosmetics,outbound,5,Supervisor,morning,handheld_scanner,reviewed,missing_item,14,exception_decision_support,synthetic
ORD-0027,2024-02-29 10:19,Re-inspection,inspection_operator,cosmetics,outbound,5,D,morning,handheld_scanner,completed,,0,vision_based_inspection,synthetic
ORD-0027,2024-02-29 10:46,Loading Support,loading_support,cosmetics,outbound,5,F,morning,handheld_scanner,completed,,0,AMR_AGV_transport,synthetic
ORD-0027,2024-02-29 10:50,Daily Report,admin_operator,cosmetics,outbound,5,Admin,morning,handheld_scanner,completed,,0,operational_intelligence_report,synthetic
ORD-0028,2024-02-14 10:05,Pick List Received,admin_operator,food,transfer,25,Admin,morning,pda_terminal,completed,,0,workflow_dashboard,synthetic
ORD-0028,2024-02-14 10:07,Location Search,warehouse_operator,food,transfer,25,A,morning,pda_terminal,completed,,0,AMR_route_support,synthetic
ORD-0028,2024-02-14 10:23,Item Picking,warehouse_operator,food,transfer,25,A,morning,pda_terminal,completed,,0,robotic_picking_support,synthetic
ORD-0028,2024-02-14 10:28,Barcode Scan,scan_operator,food,transfer,25,B,morning,pda_terminal,exception,scan_failure,8,barcode_ocr_verification,synthetic
ORD-0028,2024-02-14 10:49,Exception Review,floor_supervisor,food,transfer,25,Supervisor,morning,pda_terminal,reviewed,scan_failure,11,exception_decision_support,synthetic
ORD-0028,2024-02-14 10:55,Re-scan,scan_operator,food,transfer,25,B,morning,pda_terminal,completed,,0,barcode_ocr_verification,synthetic
ORD-0028,2024-02-14 10:59,Product Sorting,sort_operator,food,transfer,25,C,morning,pda_terminal,completed,,0,automated_sorting,synthetic
ORD-0028,2024-02-14 11:06,Inspection,inspection_operator,food,transfer,25,D,morning,pda_terminal,completed,,0,vision_based_inspection,synthetic
ORD-0028,2024-02-14 11:14,Packing,packing_operator,food,transfer,25,E,morning,pda_terminal,rework,damaged_packaging,12,packing_assist,synthetic
ORD-0028,2024-02-14 11:33,Exception Review,floor_supervisor,food,transfer,25,Supervisor,morning,pda_terminal,reviewed,damaged_packaging,12,exception_decision_support,synthetic
ORD-0028,2024-02-14 11:45,Repacking,packing_operator,food,transfer,25,E,morning,pda_terminal,completed,,0,packing_assist,synthetic
ORD-0028,2024-02-14 11:57,Loading Support,loading_support,food,transfer,25,F,morning,pda_terminal,rework,station_congestion,38,AMR_AGV_transport,synthetic
ORD-0028,2024-02-14 12:05,Daily Report,admin_operator,food,transfer,25,Admin,morning,pda_terminal,completed,,0,operational_intelligence_report,synthetic
ORD-0029,2024-01-20 10:54,Pick List Received,admin_operator,food,outbound,13,Admin,morning,pda_terminal,completed,,0,workflow_dashboard,synthetic
ORD-0029,2024-01-20 11:04,Location Search,warehouse_operator,food,outbound,13,A,morning,pda_terminal,completed,,0,AMR_route_support,synthetic
ORD-0029,2024-01-20 11:12,Item Picking,warehouse_operator,food,outbound,13,A,morning,pda_terminal,completed,,0,robotic_picking_support,synthetic
ORD-0029,2024-01-20 11:17,Barcode Scan,scan_operator,food,outbound,13,B,morning,pda_terminal,exception,label_mismatch,20,barcode_ocr_verification,synthetic
ORD-0029,2024-01-20 11:35,Exception Review,floor_supervisor,food,outbound,13,Supervisor,morning,pda_terminal,reviewed,label_mismatch,3,exception_decision_support,synthetic
ORD-0029,2024-01-20 11:39,Re-scan,scan_operator,food,outbound,13,B,morning,pda_terminal,completed,,0,barcode_ocr_verification,synthetic
ORD-0029,2024-01-20 11:53,Product Sorting,sort_operator,food,outbound,13,C,morning,pda_terminal,rework,damaged_packaging,30,automated_sorting,synthetic
ORD-0029,2024-01-20 12:02,Exception Review,floor_supervisor,food,outbound,13,Supervisor,morning,pda_terminal,reviewed,damaged_packaging,6,exception_decision_support,synthetic
ORD-0029,2024-01-20 12:10,Repacking,packing_operator,food,outbound,13,E,morning,pda_terminal,completed,,0,packing_assist,synthetic
ORD-0029,2024-01-20 12:28,Inspection,inspection_operator,food,outbound,13,D,morning,pda_terminal,completed,,0,vision_based_inspection,synthetic
ORD-0029,2024-01-20 12:36,Packing,packing_operator,food,outbound,13,E,morning,pda_terminal,completed,,0,packing_assist,synthetic
ORD-0029,2024-01-20 12:56,Loading Support,loading_support,food,outbound,13,F,morning,pda_terminal,completed,,0,AMR_AGV_transport,synthetic
ORD-0029,2024-01-20 12:58,Daily Report,admin_operator,food,outbound,13,Admin,morning,pda_terminal,completed,,0,operational_intelligence_report,synthetic
ORD-0030,2024-02-26 08:50,Pick List Received,admin_operator,mixed_goods,outbound,10,Admin,morning,handheld_scanner,completed,,0,workflow_dashboard,synthetic
ORD-0030,2024-02-26 08:52,Location Search,warehouse_operator,mixed_goods,outbound,10,A,morning,handheld_scanner,completed,,0,AMR_route_support,synthetic
ORD-0030,2024-02-26 09:04,Item Picking,warehouse_operator,mixed_goods,outbound,10,A,morning,handheld_scanner,completed,,0,robotic_picking_support,synthetic
ORD-0030,2024-02-26 09:11,Barcode Scan,scan_operator,mixed_goods,outbound,10,B,morning,handheld_scanner,completed,,0,barcode_ocr_verification,synthetic
ORD-0030,2024-02-26 09:28,Product Sorting,sort_operator,mixed_goods,outbound,10,C,morning,handheld_scanner,rework,label_mismatch,21,automated_sorting,synthetic
ORD-0030,2024-02-26 09:42,Exception Review,floor_supervisor,mixed_goods,outbound,10,Supervisor,morning,handheld_scanner,reviewed,label_mismatch,9,exception_decision_support,synthetic
ORD-0030,2024-02-26 09:43,Re-scan,scan_operator,mixed_goods,outbound,10,B,morning,handheld_scanner,completed,,0,barcode_ocr_verification,synthetic
ORD-0030,2024-02-26 09:57,Inspection,inspection_operator,mixed_goods,outbound,10,D,morning,handheld_scanner,exception,damaged_packaging,14,vision_based_inspection,synthetic
ORD-0030,2024-02-26 10:19,Exception Review,floor_supervisor,mixed_goods,outbound,10,Supervisor,morning,handheld_scanner,reviewed,damaged_packaging,5,exception_decision_support,synthetic
ORD-0030,2024-02-26 10:29,Repacking,packing_operator,mixed_goods,outbound,10,E,morning,handheld_scanner,completed,,0,packing_assist,synthetic
ORD-0030,2024-02-26 10:48,Packing,packing_operator,mixed_goods,outbound,10,E,morning,handheld_scanner,exception,scan_failure,9,packing_assist,synthetic
ORD-0030,2024-02-26 11:11,Exception Review,floor_supervisor,mixed_goods,outbound,10,Supervisor,morning,handheld_scanner,reviewed,scan_failure,8,exception_decision_support,synthetic
ORD-0030,2024-02-26 11:13,Re-scan,scan_operator,mixed_goods,outbound,10,B,morning,handheld_scanner,completed,,0,barcode_ocr_verification,synthetic
ORD-0030,2024-02-26 11:19,Loading Support,loading_support,mixed_goods,outbound,10,F,morning,handheld_scanner,exception,safety_delay,26,AMR_AGV_transport,synthetic
ORD-0030,2024-02-26 11:22,Daily Report,admin_operator,mixed_goods,outbound,10,Admin,morning,handheld_scanner,completed,,0,operational_intelligence_report,synthetic
ORD-0031,2024-01-28 09:06,Pick List Received,admin_operator,cosmetics,transfer,13,Admin,morning,handheld_scanner,completed,,0,workflow_dashboard,synthetic
ORD-0031,2024-01-28 09:16,Location Search,warehouse_operator,cosmetics,transfer,13,A,morning,handheld_scanner,completed,,0,AMR_route_support,synthetic
ORD-0031,2024-01-28 09:36,Item Picking,warehouse_operator,cosmetics,transfer,13,A,morning,handheld_scanner,completed,,0,robotic_picking_support,synthetic
ORD-0031,2024-01-28 09:41,Barcode Scan,scan_operator,cosmetics,transfer,13,B,morning,handheld_scanner,rework,label_mismatch,15,barcode_ocr_verification,synthetic
ORD-0031,2024-01-28 09:57,Exception Review,floor_supervisor,cosmetics,transfer,13,Supervisor,morning,handheld_scanner,reviewed,label_mismatch,9,exception_decision_support,synthetic
ORD-0031,2024-01-28 10:01,Re-scan,scan_operator,cosmetics,transfer,13,B,morning,handheld_scanner,completed,,0,barcode_ocr_verification,synthetic
ORD-0031,2024-01-28 10:18,Product Sorting,sort_operator,cosmetics,transfer,13,C,morning,handheld_scanner,completed,,0,automated_sorting,synthetic
ORD-0031,2024-01-28 10:33,Inspection,inspection_operator,cosmetics,transfer,13,D,morning,handheld_scanner,exception,damaged_packaging,43,vision_based_inspection,synthetic
ORD-0031,2024-01-28 10:57,Exception Review,floor_supervisor,cosmetics,transfer,13,Supervisor,morning,handheld_scanner,reviewed,damaged_packaging,10,exception_decision_support,synthetic
ORD-0031,2024-01-28 11:09,Repacking,packing_operator,cosmetics,transfer,13,E,morning,handheld_scanner,completed,,0,packing_assist,synthetic
ORD-0031,2024-01-28 11:22,Packing,packing_operator,cosmetics,transfer,13,E,morning,handheld_scanner,exception,missing_item,59,packing_assist,synthetic
ORD-0031,2024-01-28 11:28,Exception Review,floor_supervisor,cosmetics,transfer,13,Supervisor,morning,handheld_scanner,reviewed,missing_item,16,exception_decision_support,synthetic
ORD-0031,2024-01-28 11:40,Re-inspection,inspection_operator,cosmetics,transfer,13,D,morning,handheld_scanner,completed,,0,vision_based_inspection,synthetic
ORD-0031,2024-01-28 11:58,Loading Support,loading_support,cosmetics,transfer,13,F,morning,handheld_scanner,rework,station_congestion,20,AMR_AGV_transport,synthetic
ORD-0031,2024-01-28 12:07,Daily Report,admin_operator,cosmetics,transfer,13,Admin,morning,handheld_scanner,completed,,0,operational_intelligence_report,synthetic
ORD-0032,2024-01-07 16:57,Pick List Received,admin_operator,apparel,outbound,24,Admin,afternoon,handheld_scanner,completed,,0,workflow_dashboard,synthetic
ORD-0032,2024-01-07 17:00,Location Search,warehouse_operator,apparel,outbound,24,A,afternoon,handheld_scanner,completed,,0,AMR_route_support,synthetic
ORD-0032,2024-01-07 17:23,Item Picking,warehouse_operator,apparel,outbound,24,A,afternoon,handheld_scanner,completed,,0,robotic_picking_support,synthetic
ORD-0032,2024-01-07 17:26,Barcode Scan,scan_operator,apparel,outbound,24,B,afternoon,handheld_scanner,exception,station_congestion,41,barcode_ocr_verification,synthetic
ORD-0032,2024-01-07 17:32,Product Sorting,sort_operator,apparel,outbound,24,C,afternoon,handheld_scanner,exception,wrong_location,32,automated_sorting,synthetic
ORD-0032,2024-01-07 17:37,Inspection,inspection_operator,apparel,outbound,24,D,afternoon,handheld_scanner,rework,missing_item,37,vision_based_inspection,synthetic
ORD-0032,2024-01-07 17:51,Exception Review,floor_supervisor,apparel,outbound,24,Supervisor,afternoon,handheld_scanner,reviewed,missing_item,14,exception_decision_support,synthetic
ORD-0032,2024-01-07 17:56,Re-inspection,inspection_operator,apparel,outbound,24,D,afternoon,handheld_scanner,completed,,0,vision_based_inspection,synthetic
ORD-0032,2024-01-07 18:05,Packing,packing_operator,apparel,outbound,24,E,afternoon,handheld_scanner,completed,,0,packing_assist,synthetic
ORD-0032,2024-01-07 18:26,Loading Support,loading_support,apparel,outbound,24,F,afternoon,handheld_scanner,rework,station_congestion,45,AMR_AGV_transport,synthetic
ORD-0032,2024-01-07 18:35,Daily Report,admin_operator,apparel,outbound,24,Admin,afternoon,handheld_scanner,completed,,0,operational_intelligence_report,synthetic
ORD-0033,2024-02-22 17:07,Pick List Received,admin_operator,cosmetics,outbound,6,Admin,afternoon,handheld_scanner,completed,,0,workflow_dashboard,synthetic
ORD-0033,2024-02-22 17:11,Location Search,warehouse_operator,cosmetics,outbound,6,A,afternoon,handheld_scanner,completed,,0,AMR_route_support,synthetic
ORD-0033,2024-02-22 17:26,Item Picking,warehouse_operator,cosmetics,outbound,6,A,afternoon,handheld_scanner,completed,,0,robotic_picking_support,synthetic
ORD-0033,2024-02-22 17:28,Barcode Scan,scan_operator,cosmetics,outbound,6,B,afternoon,handheld_scanner,rework,wrong_location,30,barcode_ocr_verification,synthetic
ORD-0033,2024-02-22 17:44,Product Sorting,sort_operator,cosmetics,outbound,6,C,afternoon,handheld_scanner,rework,station_congestion,30,automated_sorting,synthetic
ORD-0033,2024-02-22 17:58,Inspection,inspection_operator,cosmetics,outbound,6,D,afternoon,handheld_scanner,completed,,0,vision_based_inspection,synthetic
ORD-0033,2024-02-22 18:18,Packing,packing_operator,cosmetics,outbound,6,E,afternoon,handheld_scanner,completed,,0,packing_assist,synthetic
ORD-0033,2024-02-22 18:25,Loading Support,loading_support,cosmetics,outbound,6,F,afternoon,handheld_scanner,rework,station_congestion,15,AMR_AGV_transport,synthetic
ORD-0033,2024-02-22 18:29,Daily Report,admin_operator,cosmetics,outbound,6,Admin,afternoon,handheld_scanner,completed,,0,operational_intelligence_report,synthetic
ORD-0034,2024-01-08 20:14,Pick List Received,admin_operator,apparel,outbound,22,Admin,night,pda_terminal,completed,,0,workflow_dashboard,synthetic
ORD-0034,2024-01-08 20:19,Location Search,warehouse_operator,apparel,outbound,22,A,night,pda_terminal,completed,,0,AMR_route_support,synthetic
ORD-0034,2024-01-08 20:42,Item Picking,warehouse_operator,apparel,outbound,22,A,night,pda_terminal,completed,,0,robotic_picking_support,synthetic
ORD-0034,2024-01-08 20:49,Barcode Scan,scan_operator,apparel,outbound,22,B,night,pda_terminal,completed,,0,barcode_ocr_verification,synthetic
ORD-0034,2024-01-08 20:52,Product Sorting,sort_operator,apparel,outbound,22,C,night,pda_terminal,rework,station_congestion,35,automated_sorting,synthetic
ORD-0034,2024-01-08 20:57,Inspection,inspection_operator,apparel,outbound,22,D,night,pda_terminal,completed,,0,vision_based_inspection,synthetic
ORD-0034,2024-01-08 21:06,Packing,packing_operator,apparel,outbound,22,E,night,pda_terminal,rework,safety_delay,61,packing_assist,synthetic
ORD-0034,2024-01-08 21:23,Loading Support,loading_support,apparel,outbound,22,F,night,pda_terminal,exception,wrong_location,13,AMR_AGV_transport,synthetic
ORD-0034,2024-01-08 21:26,Daily Report,admin_operator,apparel,outbound,22,Admin,night,pda_terminal,completed,,0,operational_intelligence_report,synthetic
ORD-0035,2024-01-23 16:20,Pick List Received,admin_operator,apparel,transfer,27,Admin,afternoon,handheld_scanner,completed,,0,workflow_dashboard,synthetic
ORD-0035,2024-01-23 16:29,Location Search,warehouse_operator,apparel,transfer,27,A,afternoon,handheld_scanner,completed,,0,AMR_route_support,synthetic
ORD-0035,2024-01-23 16:50,Item Picking,warehouse_operator,apparel,transfer,27,A,afternoon,handheld_scanner,completed,,0,robotic_picking_support,synthetic
ORD-0035,2024-01-23 16:58,Barcode Scan,scan_operator,apparel,transfer,27,B,afternoon,handheld_scanner,exception,missing_item,30,barcode_ocr_verification,synthetic
ORD-0035,2024-01-23 17:04,Exception Review,floor_supervisor,apparel,transfer,27,Supervisor,afternoon,handheld_scanner,reviewed,missing_item,6,exception_decision_support,synthetic
ORD-0035,2024-01-23 17:11,Re-inspection,inspection_operator,apparel,transfer,27,D,afternoon,handheld_scanner,completed,,0,vision_based_inspection,synthetic
ORD-0035,2024-01-23 17:29,Product Sorting,sort_operator,apparel,transfer,27,C,afternoon,handheld_scanner,completed,,0,automated_sorting,synthetic
ORD-0035,2024-01-23 17:47,Inspection,inspection_operator,apparel,transfer,27,D,afternoon,handheld_scanner,exception,damaged_packaging,26,vision_based_inspection,synthetic
ORD-0035,2024-01-23 18:04,Exception Review,floor_supervisor,apparel,transfer,27,Supervisor,afternoon,handheld_scanner,reviewed,damaged_packaging,6,exception_decision_support,synthetic
ORD-0035,2024-01-23 18:17,Repacking,packing_operator,apparel,transfer,27,E,afternoon,handheld_scanner,completed,,0,packing_assist,synthetic
ORD-0035,2024-01-23 18:38,Packing,packing_operator,apparel,transfer,27,E,afternoon,handheld_scanner,rework,damaged_packaging,38,packing_assist,synthetic
ORD-0035,2024-01-23 18:47,Exception Review,floor_supervisor,apparel,transfer,27,Supervisor,afternoon,handheld_scanner,reviewed,damaged_packaging,8,exception_decision_support,synthetic
ORD-0035,2024-01-23 18:57,Repacking,packing_operator,apparel,transfer,27,E,afternoon,handheld_scanner,completed,,0,packing_assist,synthetic
ORD-0035,2024-01-23 19:13,Loading Support,loading_support,apparel,transfer,27,F,afternoon,handheld_scanner,completed,,0,AMR_AGV_transport,synthetic
ORD-0035,2024-01-23 19:20,Daily Report,admin_operator,apparel,transfer,27,Admin,afternoon,handheld_scanner,completed,,0,operational_intelligence_report,synthetic
ORD-0036,2024-01-08 09:18,Pick List Received,admin_operator,food,outbound,33,Admin,morning,handheld_scanner,completed,,0,workflow_dashboard,synthetic
ORD-0036,2024-01-08 09:27,Location Search,warehouse_operator,food,outbound,33,A,morning,handheld_scanner,completed,,0,AMR_route_support,synthetic
ORD-0036,2024-01-08 09:48,Item Picking,warehouse_operator,food,outbound,33,A,morning,handheld_scanner,completed,,0,robotic_picking_support,synthetic
ORD-0036,2024-01-08 09:56,Barcode Scan,scan_operator,food,outbound,33,B,morning,handheld_scanner,rework,scan_failure,10,barcode_ocr_verification,synthetic
ORD-0036,2024-01-08 10:19,Exception Review,floor_supervisor,food,outbound,33,Supervisor,morning,handheld_scanner,reviewed,scan_failure,8,exception_decision_support,synthetic
ORD-0036,2024-01-08 10:24,Re-scan,scan_operator,food,outbound,33,B,morning,handheld_scanner,completed,,0,barcode_ocr_verification,synthetic
ORD-0036,2024-01-08 10:42,Product Sorting,sort_operator,food,outbound,33,C,morning,handheld_scanner,completed,,0,automated_sorting,synthetic
ORD-0036,2024-01-08 10:54,Inspection,inspection_operator,food,outbound,33,D,morning,handheld_scanner,exception,station_congestion,50,vision_based_inspection,synthetic
ORD-0036,2024-01-08 11:06,Packing,packing_operator,food,outbound,33,E,morning,handheld_scanner,completed,,0,packing_assist,synthetic
ORD-0036,2024-01-08 11:36,Loading Support,loading_support,food,outbound,33,F,morning,handheld_scanner,completed,,0,AMR_AGV_transport,synthetic
ORD-0036,2024-01-08 11:41,Daily Report,admin_operator,food,outbound,33,Admin,morning,handheld_scanner,completed,,0,operational_intelligence_report,synthetic
ORD-0037,2024-02-03 08:35,Pick List Received,admin_operator,cosmetics,outbound,25,Admin,morning,handheld_scanner,completed,,0,workflow_dashboard,synthetic
ORD-0037,2024-02-03 08:42,Location Search,warehouse_operator,cosmetics,outbound,25,A,morning,handheld_scanner,completed,,0,AMR_route_support,synthetic
ORD-0037,2024-02-03 09:00,Item Picking,warehouse_operator,cosmetics,outbound,25,A,morning,handheld_scanner,completed,,0,robotic_picking_support,synthetic
ORD-0037,2024-02-03 09:03,Barcode Scan,scan_operator,cosmetics,outbound,25,B,morning,handheld_scanner,exception,wrong_location,37,barcode_ocr_verification,synthetic
ORD-0037,2024-02-03 09:16,Product Sorting,sort_operator,cosmetics,outbound,25,C,morning,handheld_scanner,completed,,0,automated_sorting,synthetic
ORD-0037,2024-02-03 09:34,Inspection,inspection_operator,cosmetics,outbound,25,D,morning,handheld_scanner,exception,station_congestion,26,vision_based_inspection,synthetic
ORD-0037,2024-02-03 09:44,Packing,packing_operator,cosmetics,outbound,25,E,morning,handheld_scanner,completed,,0,packing_assist,synthetic
ORD-0037,2024-02-03 09:57,Loading Support,loading_support,cosmetics,outbound,25,F,morning,handheld_scanner,completed,,0,AMR_AGV_transport,synthetic
ORD-0037,2024-02-03 10:02,Daily Report,admin_operator,cosmetics,outbound,25,Admin,morning,handheld_scanner,completed,,0,operational_intelligence_report,synthetic
ORD-0038,2024-03-05 17:08,Pick List Received,admin_operator,mixed_goods,transfer,14,Admin,afternoon,pda_terminal,completed,,0,workflow_dashboard,synthetic
ORD-0038,2024-03-05 17:14,Location Search,warehouse_operator,mixed_goods,transfer,14,A,afternoon,pda_terminal,completed,,0,AMR_route_support,synthetic
ORD-0038,2024-03-05 17:22,Item Picking,warehouse_operator,mixed_goods,transfer,14,A,afternoon,pda_terminal,completed,,0,robotic_picking_support,synthetic
ORD-0038,2024-03-05 17:29,Barcode Scan,scan_operator,mixed_goods,transfer,14,B,afternoon,pda_terminal,completed,,0,barcode_ocr_verification,synthetic
ORD-0038,2024-03-05 17:44,Product Sorting,sort_operator,mixed_goods,transfer,14,C,afternoon,pda_terminal,completed,,0,automated_sorting,synthetic
ORD-0038,2024-03-05 17:51,Inspection,inspection_operator,mixed_goods,transfer,14,D,afternoon,pda_terminal,exception,damaged_packaging,26,vision_based_inspection,synthetic
ORD-0038,2024-03-05 18:04,Exception Review,floor_supervisor,mixed_goods,transfer,14,Supervisor,afternoon,pda_terminal,reviewed,damaged_packaging,13,exception_decision_support,synthetic
ORD-0038,2024-03-05 18:10,Repacking,packing_operator,mixed_goods,transfer,14,E,afternoon,pda_terminal,completed,,0,packing_assist,synthetic
ORD-0038,2024-03-05 18:17,Packing,packing_operator,mixed_goods,transfer,14,E,afternoon,pda_terminal,completed,,0,packing_assist,synthetic
ORD-0038,2024-03-05 18:40,Loading Support,loading_support,mixed_goods,transfer,14,F,afternoon,pda_terminal,exception,station_congestion,36,AMR_AGV_transport,synthetic
ORD-0038,2024-03-05 18:43,Daily Report,admin_operator,mixed_goods,transfer,14,Admin,afternoon,pda_terminal,completed,,0,operational_intelligence_report,synthetic
ORD-0039,2024-03-03 21:53,Pick List Received,admin_operator,cosmetics,outbound,11,Admin,night,handheld_scanner,completed,,0,workflow_dashboard,synthetic
ORD-0039,2024-03-03 21:55,Location Search,warehouse_operator,cosmetics,outbound,11,A,night,handheld_scanner,completed,,0,AMR_route_support,synthetic
ORD-0039,2024-03-03 22:02,Item Picking,warehouse_operator,cosmetics,outbound,11,A,night,handheld_scanner,completed,,0,robotic_picking_support,synthetic
ORD-0039,2024-03-03 22:06,Barcode Scan,scan_operator,cosmetics,outbound,11,B,night,handheld_scanner,rework,station_congestion,35,barcode_ocr_verification,synthetic
ORD-0039,2024-03-03 22:14,Product Sorting,sort_operator,cosmetics,outbound,11,C,night,handheld_scanner,completed,,0,automated_sorting,synthetic
ORD-0039,2024-03-03 22:26,Inspection,inspection_operator,cosmetics,outbound,11,D,night,handheld_scanner,completed,,0,vision_based_inspection,synthetic
ORD-0039,2024-03-03 22:30,Packing,packing_operator,cosmetics,outbound,11,E,night,handheld_scanner,rework,damaged_packaging,44,packing_assist,synthetic
ORD-0039,2024-03-03 22:49,Exception Review,floor_supervisor,cosmetics,outbound,11,Supervisor,night,handheld_scanner,reviewed,damaged_packaging,13,exception_decision_support,synthetic
ORD-0039,2024-03-03 22:56,Repacking,packing_operator,cosmetics,outbound,11,E,night,handheld_scanner,completed,,0,packing_assist,synthetic
ORD-0039,2024-03-03 23:26,Loading Support,loading_support,cosmetics,outbound,11,F,night,handheld_scanner,exception,damaged_packaging,21,AMR_AGV_transport,synthetic
ORD-0039,2024-03-03 23:36,Exception Review,floor_supervisor,cosmetics,outbound,11,Supervisor,night,handheld_scanner,reviewed,damaged_packaging,17,exception_decision_support,synthetic
ORD-0039,2024-03-03 23:53,Repacking,packing_operator,cosmetics,outbound,11,E,night,handheld_scanner,completed,,0,packing_assist,synthetic
ORD-0039,2024-03-04 00:01,Daily Report,admin_operator,cosmetics,outbound,11,Admin,night,handheld_scanner,completed,,0,operational_intelligence_report,synthetic
ORD-0040,2024-03-04 14:50,Pick List Received,admin_operator,food,outbound,12,Admin,afternoon,fixed_scanner,completed,,0,workflow_dashboard,synthetic
ORD-0040,2024-03-04 14:55,Location Search,warehouse_operator,food,outbound,12,A,afternoon,fixed_scanner,completed,,0,AMR_route_support,synthetic
ORD-0040,2024-03-04 15:14,Item Picking,warehouse_operator,food,outbound,12,A,afternoon,fixed_scanner,completed,,0,robotic_picking_support,synthetic
ORD-0040,2024-03-04 15:19,Barcode Scan,scan_operator,food,outbound,12,B,afternoon,fixed_scanner,completed,,0,barcode_ocr_verification,synthetic
ORD-0040,2024-03-04 15:31,Product Sorting,sort_operator,food,outbound,12,C,afternoon,fixed_scanner,completed,,0,automated_sorting,synthetic
ORD-0040,2024-03-04 15:34,Inspection,inspection_operator,food,outbound,12,D,afternoon,fixed_scanner,exception,damaged_packaging,17,vision_based_inspection,synthetic
ORD-0040,2024-03-04 15:48,Exception Review,floor_supervisor,food,outbound,12,Supervisor,afternoon,fixed_scanner,reviewed,damaged_packaging,8,exception_decision_support,synthetic
ORD-0040,2024-03-04 16:02,Repacking,packing_operator,food,outbound,12,E,afternoon,fixed_scanner,completed,,0,packing_assist,synthetic
ORD-0040,2024-03-04 16:15,Packing,packing_operator,food,outbound,12,E,afternoon,fixed_scanner,exception,station_congestion,33,packing_assist,synthetic
ORD-0040,2024-03-04 16:35,Loading Support,loading_support,food,outbound,12,F,afternoon,fixed_scanner,completed,,0,AMR_AGV_transport,synthetic
ORD-0040,2024-03-04 16:40,Daily Report,admin_operator,food,outbound,12,Admin,afternoon,fixed_scanner,completed,,0,operational_intelligence_report,synthetic
ORD-0041,2024-02-18 14:07,Pick List Received,admin_operator,cosmetics,outbound,6,Admin,afternoon,handheld_scanner,completed,,0,workflow_dashboard,synthetic
ORD-0041,2024-02-18 14:17,Location Search,warehouse_operator,cosmetics,outbound,6,A,afternoon,handheld_scanner,completed,,0,AMR_route_support,synthetic
ORD-0041,2024-02-18 14:26,Item Picking,warehouse_operator,cosmetics,outbound,6,A,afternoon,handheld_scanner,completed,,0,robotic_picking_support,synthetic
ORD-0041,2024-02-18 14:29,Barcode Scan,scan_operator,cosmetics,outbound,6,B,afternoon,handheld_scanner,rework,quantity_mismatch,14,barcode_ocr_verification,synthetic
ORD-0041,2024-02-18 14:48,Exception Review,floor_supervisor,cosmetics,outbound,6,Supervisor,afternoon,handheld_scanner,reviewed,quantity_mismatch,9,exception_decision_support,synthetic
ORD-0041,2024-02-18 14:59,Re-inspection,inspection_operator,cosmetics,outbound,6,D,afternoon,handheld_scanner,completed,,0,vision_based_inspection,synthetic
ORD-0041,2024-02-18 15:15,Product Sorting,sort_operator,cosmetics,outbound,6,C,afternoon,handheld_scanner,exception,station_congestion,35,automated_sorting,synthetic
ORD-0041,2024-02-18 15:24,Inspection,inspection_operator,cosmetics,outbound,6,D,afternoon,handheld_scanner,exception,temperature_hold,56,vision_based_inspection,synthetic
ORD-0041,2024-02-18 15:41,Packing,packing_operator,cosmetics,outbound,6,E,afternoon,handheld_scanner,exception,damaged_packaging,38,packing_assist,synthetic
ORD-0041,2024-02-18 15:50,Exception Review,floor_supervisor,cosmetics,outbound,6,Supervisor,afternoon,handheld_scanner,reviewed,damaged_packaging,16,exception_decision_support,synthetic
ORD-0041,2024-02-18 15:55,Repacking,packing_operator,cosmetics,outbound,6,E,afternoon,handheld_scanner,completed,,0,packing_assist,synthetic
ORD-0041,2024-02-18 16:05,Loading Support,loading_support,cosmetics,outbound,6,F,afternoon,handheld_scanner,completed,,0,AMR_AGV_transport,synthetic
ORD-0041,2024-02-18 16:13,Daily Report,admin_operator,cosmetics,outbound,6,Admin,afternoon,handheld_scanner,completed,,0,operational_intelligence_report,synthetic
ORD-0042,2024-02-10 11:46,Pick List Received,admin_operator,food,return,1,Admin,morning,pda_terminal,completed,,0,workflow_dashboard,synthetic
ORD-0042,2024-02-10 11:55,Location Search,warehouse_operator,food,return,1,A,morning,pda_terminal,completed,,0,AMR_route_support,synthetic
ORD-0042,2024-02-10 12:11,Item Picking,warehouse_operator,food,return,1,A,morning,pda_terminal,completed,,0,robotic_picking_support,synthetic
ORD-0042,2024-02-10 12:14,Barcode Scan,scan_operator,food,return,1,B,morning,pda_terminal,rework,scan_failure,5,barcode_ocr_verification,synthetic
ORD-0042,2024-02-10 12:22,Exception Review,floor_supervisor,food,return,1,Supervisor,morning,pda_terminal,reviewed,scan_failure,12,exception_decision_support,synthetic
ORD-0042,2024-02-10 12:23,Re-scan,scan_operator,food,return,1,B,morning,pda_terminal,completed,,0,barcode_ocr_verification,synthetic
ORD-0042,2024-02-10 12:40,Product Sorting,sort_operator,food,return,1,C,morning,pda_terminal,completed,,0,automated_sorting,synthetic
ORD-0042,2024-02-10 12:44,Inspection,inspection_operator,food,return,1,D,morning,pda_terminal,exception,damaged_packaging,23,vision_based_inspection,synthetic
ORD-0042,2024-02-10 12:56,Exception Review,floor_supervisor,food,return,1,Supervisor,morning,pda_terminal,reviewed,damaged_packaging,15,exception_decision_support,synthetic
ORD-0042,2024-02-10 13:09,Repacking,packing_operator,food,return,1,E,morning,pda_terminal,completed,,0,packing_assist,synthetic
ORD-0042,2024-02-10 13:23,Packing,packing_operator,food,return,1,E,morning,pda_terminal,rework,damaged_packaging,29,packing_assist,synthetic
ORD-0042,2024-02-10 13:48,Exception Review,floor_supervisor,food,return,1,Supervisor,morning,pda_terminal,reviewed,damaged_packaging,18,exception_decision_support,synthetic
ORD-0042,2024-02-10 14:00,Repacking,packing_operator,food,return,1,E,morning,pda_terminal,completed,,0,packing_assist,synthetic
ORD-0042,2024-02-10 14:20,Loading Support,loading_support,food,return,1,F,morning,pda_terminal,exception,quantity_mismatch,24,AMR_AGV_transport,synthetic
ORD-0042,2024-02-10 14:37,Exception Review,floor_supervisor,food,return,1,Supervisor,morning,pda_terminal,reviewed,quantity_mismatch,10,exception_decision_support,synthetic
ORD-0042,2024-02-10 14:52,Re-inspection,inspection_operator,food,return,1,D,morning,pda_terminal,completed,,0,vision_based_inspection,synthetic
ORD-0042,2024-02-10 15:02,Daily Report,admin_operator,food,return,1,Admin,morning,pda_terminal,completed,,0,operational_intelligence_report,synthetic
ORD-0043,2024-01-10 11:56,Pick List Received,admin_operator,household_goods,return,10,Admin,morning,pda_terminal,completed,,0,workflow_dashboard,synthetic
ORD-0043,2024-01-10 12:02,Location Search,warehouse_operator,household_goods,return,10,A,morning,pda_terminal,completed,,0,AMR_route_support,synthetic
ORD-0043,2024-01-10 12:13,Item Picking,warehouse_operator,household_goods,return,10,A,morning,pda_terminal,completed,,0,robotic_picking_support,synthetic
ORD-0043,2024-01-10 12:19,Barcode Scan,scan_operator,household_goods,return,10,B,morning,pda_terminal,completed,,0,barcode_ocr_verification,synthetic
ORD-0043,2024-01-10 12:36,Product Sorting,sort_operator,household_goods,return,10,C,morning,pda_terminal,completed,,0,automated_sorting,synthetic
ORD-0043,2024-01-10 12:41,Inspection,inspection_operator,household_goods,return,10,D,morning,pda_terminal,rework,station_congestion,22,vision_based_inspection,synthetic
ORD-0043,2024-01-10 13:00,Packing,packing_operator,household_goods,return,10,E,morning,pda_terminal,rework,damaged_packaging,22,packing_assist,synthetic
ORD-0043,2024-01-10 13:17,Exception Review,floor_supervisor,household_goods,return,10,Supervisor,morning,pda_terminal,reviewed,damaged_packaging,12,exception_decision_support,synthetic
ORD-0043,2024-01-10 13:29,Repacking,packing_operator,household_goods,return,10,E,morning,pda_terminal,completed,,0,packing_assist,synthetic
ORD-0043,2024-01-10 13:44,Loading Support,loading_support,household_goods,return,10,F,morning,pda_terminal,completed,,0,AMR_AGV_transport,synthetic
ORD-0043,2024-01-10 13:52,Daily Report,admin_operator,household_goods,return,10,Admin,morning,pda_terminal,completed,,0,operational_intelligence_report,synthetic
ORD-0044,2024-03-06 12:21,Pick List Received,admin_operator,household_goods,outbound,24,Admin,morning,handheld_scanner,completed,,0,workflow_dashboard,synthetic
ORD-0044,2024-03-06 12:26,Location Search,warehouse_operator,household_goods,outbound,24,A,morning,handheld_scanner,completed,,0,AMR_route_support,synthetic
ORD-0044,2024-03-06 12:42,Item Picking,warehouse_operator,household_goods,outbound,24,A,morning,handheld_scanner,completed,,0,robotic_picking_support,synthetic
ORD-0044,2024-03-06 12:48,Barcode Scan,scan_operator,household_goods,outbound,24,B,morning,handheld_scanner,rework,wrong_location,18,barcode_ocr_verification,synthetic
ORD-0044,2024-03-06 13:00,Product Sorting,sort_operator,household_goods,outbound,24,C,morning,handheld_scanner,exception,quantity_mismatch,34,automated_sorting,synthetic
ORD-0044,2024-03-06 13:25,Exception Review,floor_supervisor,household_goods,outbound,24,Supervisor,morning,handheld_scanner,reviewed,quantity_mismatch,20,exception_decision_support,synthetic
ORD-0044,2024-03-06 13:35,Re-inspection,inspection_operator,household_goods,outbound,24,D,morning,handheld_scanner,completed,,0,vision_based_inspection,synthetic
ORD-0044,2024-03-06 13:43,Inspection,inspection_operator,household_goods,outbound,24,D,morning,handheld_scanner,completed,,0,vision_based_inspection,synthetic
ORD-0044,2024-03-06 13:58,Packing,packing_operator,household_goods,outbound,24,E,morning,handheld_scanner,rework,damaged_packaging,13,packing_assist,synthetic
ORD-0044,2024-03-06 14:03,Exception Review,floor_supervisor,household_goods,outbound,24,Supervisor,morning,handheld_scanner,reviewed,damaged_packaging,18,exception_decision_support,synthetic
ORD-0044,2024-03-06 14:09,Repacking,packing_operator,household_goods,outbound,24,E,morning,handheld_scanner,completed,,0,packing_assist,synthetic
ORD-0044,2024-03-06 14:34,Loading Support,loading_support,household_goods,outbound,24,F,morning,handheld_scanner,rework,station_congestion,49,AMR_AGV_transport,synthetic
ORD-0044,2024-03-06 14:43,Daily Report,admin_operator,household_goods,outbound,24,Admin,morning,handheld_scanner,completed,,0,operational_intelligence_report,synthetic
ORD-0045,2024-02-07 10:42,Pick List Received,admin_operator,apparel,outbound,2,Admin,morning,handheld_scanner,completed,,0,workflow_dashboard,synthetic
ORD-0045,2024-02-07 10:45,Location Search,warehouse_operator,apparel,outbound,2,A,morning,handheld_scanner,completed,,0,AMR_route_support,synthetic
ORD-0045,2024-02-07 11:06,Item Picking,warehouse_operator,apparel,outbound,2,A,morning,handheld_scanner,completed,,0,robotic_picking_support,synthetic
ORD-0045,2024-02-07 11:09,Barcode Scan,scan_operator,apparel,outbound,2,B,morning,handheld_scanner,rework,scan_failure,18,barcode_ocr_verification,synthetic
ORD-0045,2024-02-07 11:28,Exception Review,floor_supervisor,apparel,outbound,2,Supervisor,morning,handheld_scanner,reviewed,scan_failure,12,exception_decision_support,synthetic
ORD-0045,2024-02-07 11:30,Re-scan,scan_operator,apparel,outbound,2,B,morning,handheld_scanner,completed,,0,barcode_ocr_verification,synthetic
ORD-0045,2024-02-07 11:40,Product Sorting,sort_operator,apparel,outbound,2,C,morning,handheld_scanner,rework,wrong_location,12,automated_sorting,synthetic
ORD-0045,2024-02-07 11:58,Inspection,inspection_operator,apparel,outbound,2,D,morning,handheld_scanner,exception,label_mismatch,11,vision_based_inspection,synthetic
ORD-0045,2024-02-07 12:19,Exception Review,floor_supervisor,apparel,outbound,2,Supervisor,morning,handheld_scanner,reviewed,label_mismatch,3,exception_decision_support,synthetic
ORD-0045,2024-02-07 12:21,Re-scan,scan_operator,apparel,outbound,2,B,morning,handheld_scanner,completed,,0,barcode_ocr_verification,synthetic
ORD-0045,2024-02-07 12:31,Packing,packing_operator,apparel,outbound,2,E,morning,handheld_scanner,completed,,0,packing_assist,synthetic
ORD-0045,2024-02-07 12:58,Loading Support,loading_support,apparel,outbound,2,F,morning,handheld_scanner,completed,,0,AMR_AGV_transport,synthetic
ORD-0045,2024-02-07 13:07,Daily Report,admin_operator,apparel,outbound,2,Admin,morning,handheld_scanner,completed,,0,operational_intelligence_report,synthetic
ORD-0046,2024-01-07 15:45,Pick List Received,admin_operator,apparel,transfer,18,Admin,afternoon,pda_terminal,completed,,0,workflow_dashboard,synthetic
ORD-0046,2024-01-07 15:53,Location Search,warehouse_operator,apparel,transfer,18,A,afternoon,pda_terminal,completed,,0,AMR_route_support,synthetic
ORD-0046,2024-01-07 16:00,Item Picking,warehouse_operator,apparel,transfer,18,A,afternoon,pda_terminal,completed,,0,robotic_picking_support,synthetic
ORD-0046,2024-01-07 16:05,Barcode Scan,scan_operator,apparel,transfer,18,B,afternoon,pda_terminal,exception,scan_failure,15,barcode_ocr_verification,synthetic
ORD-0046,2024-01-07 16:11,Exception Review,floor_supervisor,apparel,transfer,18,Supervisor,afternoon,pda_terminal,reviewed,scan_failure,4,exception_decision_support,synthetic
ORD-0046,2024-01-07 16:15,Re-scan,scan_operator,apparel,transfer,18,B,afternoon,pda_terminal,completed,,0,barcode_ocr_verification,synthetic
ORD-0046,2024-01-07 16:25,Product Sorting,sort_operator,apparel,transfer,18,C,afternoon,pda_terminal,completed,,0,automated_sorting,synthetic
ORD-0046,2024-01-07 16:38,Inspection,inspection_operator,apparel,transfer,18,D,afternoon,pda_terminal,completed,,0,vision_based_inspection,synthetic
ORD-0046,2024-01-07 16:54,Packing,packing_operator,apparel,transfer,18,E,afternoon,pda_terminal,completed,,0,packing_assist,synthetic
ORD-0046,2024-01-07 17:09,Loading Support,loading_support,apparel,transfer,18,F,afternoon,pda_terminal,exception,scan_failure,12,AMR_AGV_transport,synthetic
ORD-0046,2024-01-07 17:16,Exception Review,floor_supervisor,apparel,transfer,18,Supervisor,afternoon,pda_terminal,reviewed,scan_failure,12,exception_decision_support,synthetic
ORD-0046,2024-01-07 17:19,Re-scan,scan_operator,apparel,transfer,18,B,afternoon,pda_terminal,completed,,0,barcode_ocr_verification,synthetic
ORD-0046,2024-01-07 17:24,Daily Report,admin_operator,apparel,transfer,18,Admin,afternoon,pda_terminal,completed,,0,operational_intelligence_report,synthetic
ORD-0047,2024-02-12 10:33,Pick List Received,admin_operator,cosmetics,outbound,10,Admin,morning,pda_terminal,completed,,0,workflow_dashboard,synthetic
ORD-0047,2024-02-12 10:42,Location Search,warehouse_operator,cosmetics,outbound,10,A,morning,pda_terminal,completed,,0,AMR_route_support,synthetic
ORD-0047,2024-02-12 10:58,Item Picking,warehouse_operator,cosmetics,outbound,10,A,morning,pda_terminal,completed,,0,robotic_picking_support,synthetic
ORD-0047,2024-02-12 11:03,Barcode Scan,scan_operator,cosmetics,outbound,10,B,morning,pda_terminal,exception,label_mismatch,19,barcode_ocr_verification,synthetic
ORD-0047,2024-02-12 11:19,Exception Review,floor_supervisor,cosmetics,outbound,10,Supervisor,morning,pda_terminal,reviewed,label_mismatch,11,exception_decision_support,synthetic
ORD-0047,2024-02-12 11:20,Re-scan,scan_operator,cosmetics,outbound,10,B,morning,pda_terminal,completed,,0,barcode_ocr_verification,synthetic
ORD-0047,2024-02-12 11:33,Product Sorting,sort_operator,cosmetics,outbound,10,C,morning,pda_terminal,completed,,0,automated_sorting,synthetic
ORD-0047,2024-02-12 11:36,Inspection,inspection_operator,cosmetics,outbound,10,D,morning,pda_terminal,exception,damaged_packaging,25,vision_based_inspection,synthetic
ORD-0047,2024-02-12 11:46,Exception Review,floor_supervisor,cosmetics,outbound,10,Supervisor,morning,pda_terminal,reviewed,damaged_packaging,9,exception_decision_support,synthetic
ORD-0047,2024-02-12 11:54,Repacking,packing_operator,cosmetics,outbound,10,E,morning,pda_terminal,completed,,0,packing_assist,synthetic
ORD-0047,2024-02-12 12:07,Packing,packing_operator,cosmetics,outbound,10,E,morning,pda_terminal,exception,damaged_packaging,36,packing_assist,synthetic
ORD-0047,2024-02-12 12:19,Exception Review,floor_supervisor,cosmetics,outbound,10,Supervisor,morning,pda_terminal,reviewed,damaged_packaging,20,exception_decision_support,synthetic
ORD-0047,2024-02-12 12:32,Repacking,packing_operator,cosmetics,outbound,10,E,morning,pda_terminal,completed,,0,packing_assist,synthetic
ORD-0047,2024-02-12 12:56,Loading Support,loading_support,cosmetics,outbound,10,F,morning,pda_terminal,exception,missing_item,54,AMR_AGV_transport,synthetic
ORD-0047,2024-02-12 13:15,Exception Review,floor_supervisor,cosmetics,outbound,10,Supervisor,morning,pda_terminal,reviewed,missing_item,15,exception_decision_support,synthetic
ORD-0047,2024-02-12 13:24,Re-inspection,inspection_operator,cosmetics,outbound,10,D,morning,pda_terminal,completed,,0,vision_based_inspection,synthetic
ORD-0047,2024-02-12 13:28,Daily Report,admin_operator,cosmetics,outbound,10,Admin,morning,pda_terminal,completed,,0,operational_intelligence_report,synthetic
ORD-0048,2024-02-22 16:08,Pick List Received,admin_operator,household_goods,outbound,31,Admin,afternoon,handheld_scanner,completed,,0,workflow_dashboard,synthetic
ORD-0048,2024-02-22 16:15,Location Search,warehouse_operator,household_goods,outbound,31,A,afternoon,handheld_scanner,completed,,0,AMR_route_support,synthetic
ORD-0048,2024-02-22 16:32,Item Picking,warehouse_operator,household_goods,outbound,31,A,afternoon,handheld_scanner,completed,,0,robotic_picking_support,synthetic
ORD-0048,2024-02-22 16:37,Barcode Scan,scan_operator,household_goods,outbound,31,B,afternoon,handheld_scanner,completed,,0,barcode_ocr_verification,synthetic
ORD-0048,2024-02-22 16:52,Product Sorting,sort_operator,household_goods,outbound,31,C,afternoon,handheld_scanner,rework,missing_item,50,automated_sorting,synthetic
ORD-0048,2024-02-22 17:03,Exception Review,floor_supervisor,household_goods,outbound,31,Supervisor,afternoon,handheld_scanner,reviewed,missing_item,19,exception_decision_support,synthetic
ORD-0048,2024-02-22 17:18,Re-inspection,inspection_operator,household_goods,outbound,31,D,afternoon,handheld_scanner,completed,,0,vision_based_inspection,synthetic
ORD-0048,2024-02-22 17:30,Inspection,inspection_operator,household_goods,outbound,31,D,afternoon,handheld_scanner,completed,,0,vision_based_inspection,synthetic
ORD-0048,2024-02-22 17:36,Packing,packing_operator,household_goods,outbound,31,E,afternoon,handheld_scanner,completed,,0,packing_assist,synthetic
ORD-0048,2024-02-22 18:06,Loading Support,loading_support,household_goods,outbound,31,F,afternoon,handheld_scanner,completed,,0,AMR_AGV_transport,synthetic
ORD-0048,2024-02-22 18:15,Daily Report,admin_operator,household_goods,outbound,31,Admin,afternoon,handheld_scanner,completed,,0,operational_intelligence_report,synthetic
ORD-0049,2024-02-20 09:11,Pick List Received,admin_operator,apparel,outbound,10,Admin,morning,pda_terminal,completed,,0,workflow_dashboard,synthetic
ORD-0049,2024-02-20 09:21,Location Search,warehouse_operator,apparel,outbound,10,A,morning,pda_terminal,completed,,0,AMR_route_support,synthetic
ORD-0049,2024-02-20 09:42,Item Picking,warehouse_operator,apparel,outbound,10,A,morning,pda_terminal,completed,,0,robotic_picking_support,synthetic
ORD-0049,2024-02-20 09:49,Barcode Scan,scan_operator,apparel,outbound,10,B,morning,pda_terminal,rework,safety_delay,21,barcode_ocr_verification,synthetic
ORD-0049,2024-02-20 10:03,Product Sorting,sort_operator,apparel,outbound,10,C,morning,pda_terminal,rework,quantity_mismatch,18,automated_sorting,synthetic
ORD-0049,2024-02-20 10:24,Exception Review,floor_supervisor,apparel,outbound,10,Supervisor,morning,pda_terminal,reviewed,quantity_mismatch,12,exception_decision_support,synthetic
ORD-0049,2024-02-20 10:34,Re-inspection,inspection_operator,apparel,outbound,10,D,morning,pda_terminal,completed,,0,vision_based_inspection,synthetic
ORD-0049,2024-02-20 10:48,Inspection,inspection_operator,apparel,outbound,10,D,morning,pda_terminal,rework,wrong_location,25,vision_based_inspection,synthetic
ORD-0049,2024-02-20 10:55,Packing,packing_operator,apparel,outbound,10,E,morning,pda_terminal,completed,,0,packing_assist,synthetic
ORD-0049,2024-02-20 11:23,Loading Support,loading_support,apparel,outbound,10,F,morning,pda_terminal,exception,wrong_location,25,AMR_AGV_transport,synthetic
ORD-0049,2024-02-20 11:32,Daily Report,admin_operator,apparel,outbound,10,Admin,morning,pda_terminal,completed,,0,operational_intelligence_report,synthetic
ORD-0050,2024-02-15 15:05,Pick List Received,admin_operator,household_goods,outbound,8,Admin,afternoon,handheld_scanner,completed,,0,workflow_dashboard,synthetic
ORD-0050,2024-02-15 15:15,Location Search,warehouse_operator,household_goods,outbound,8,A,afternoon,handheld_scanner,completed,,0,AMR_route_support,synthetic
ORD-0050,2024-02-15 15:25,Item Picking,warehouse_operator,household_goods,outbound,8,A,afternoon,handheld_scanner,completed,,0,robotic_picking_support,synthetic
ORD-0050,2024-02-15 15:31,Barcode Scan,scan_operator,household_goods,outbound,8,B,afternoon,handheld_scanner,completed,,0,barcode_ocr_verification,synthetic
ORD-0050,2024-02-15 15:48,Product Sorting,sort_operator,household_goods,outbound,8,C,afternoon,handheld_scanner,exception,damaged_packaging,37,automated_sorting,synthetic
ORD-0050,2024-02-15 16:11,Exception Review,floor_supervisor,household_goods,outbound,8,Supervisor,afternoon,handheld_scanner,reviewed,damaged_packaging,18,exception_decision_support,synthetic
ORD-0050,2024-02-15 16:21,Repacking,packing_operator,household_goods,outbound,8,E,afternoon,handheld_scanner,completed,,0,packing_assist,synthetic
ORD-0050,2024-02-15 16:24,Inspection,inspection_operator,household_goods,outbound,8,D,afternoon,handheld_scanner,completed,,0,vision_based_inspection,synthetic
ORD-0050,2024-02-15 16:34,Packing,packing_operator,household_goods,outbound,8,E,afternoon,handheld_scanner,rework,damaged_packaging,44,packing_assist,synthetic
ORD-0050,2024-02-15 16:42,Exception Review,floor_supervisor,household_goods,outbound,8,Supervisor,afternoon,handheld_scanner,reviewed,damaged_packaging,13,exception_decision_support,synthetic
ORD-0050,2024-02-15 16:56,Repacking,packing_operator,household_goods,outbound,8,E,afternoon,handheld_scanner,completed,,0,packing_assist,synthetic
ORD-0050,2024-02-15 17:16,Loading Support,loading_support,household_goods,outbound,8,F,afternoon,handheld_scanner,completed,,0,AMR_AGV_transport,synthetic
ORD-0050,2024-02-15 17:23,Daily Report,admin_operator,household_goods,outbound,8,Admin,afternoon,handheld_scanner,completed,,0,operational_intelligence_report,synthetic
ORD-0051,2024-03-01 16:15,Pick List Received,admin_operator,food,outbound,23,Admin,afternoon,handheld_scanner,completed,,0,workflow_dashboard,synthetic
ORD-0051,2024-03-01 16:22,Location Search,warehouse_operator,food,outbound,23,A,afternoon,handheld_scanner,completed,,0,AMR_route_support,synthetic
ORD-0051,2024-03-01 16:30,Item Picking,warehouse_operator,food,outbound,23,A,afternoon,handheld_scanner,completed,,0,robotic_picking_support,synthetic
ORD-0051,2024-03-01 16:34,Barcode Scan,scan_operator,food,outbound,23,B,afternoon,handheld_scanner,exception,quantity_mismatch,20,barcode_ocr_verification,synthetic
ORD-0051,2024-03-01 16:44,Exception Review,floor_supervisor,food,outbound,23,Supervisor,afternoon,handheld_scanner,reviewed,quantity_mismatch,20,exception_decision_support,synthetic
ORD-0051,2024-03-01 16:57,Re-inspection,inspection_operator,food,outbound,23,D,afternoon,handheld_scanner,completed,,0,vision_based_inspection,synthetic
ORD-0051,2024-03-01 17:05,Product Sorting,sort_operator,food,outbound,23,C,afternoon,handheld_scanner,completed,,0,automated_sorting,synthetic
ORD-0051,2024-03-01 17:23,Inspection,inspection_operator,food,outbound,23,D,afternoon,handheld_scanner,exception,damaged_packaging,32,vision_based_inspection,synthetic
ORD-0051,2024-03-01 17:40,Exception Review,floor_supervisor,food,outbound,23,Supervisor,afternoon,handheld_scanner,reviewed,damaged_packaging,20,exception_decision_support,synthetic
ORD-0051,2024-03-01 17:50,Repacking,packing_operator,food,outbound,23,E,afternoon,handheld_scanner,completed,,0,packing_assist,synthetic
ORD-0051,2024-03-01 18:09,Packing,packing_operator,food,outbound,23,E,afternoon,handheld_scanner,rework,station_congestion,28,packing_assist,synthetic
ORD-0051,2024-03-01 18:21,Loading Support,loading_support,food,outbound,23,F,afternoon,handheld_scanner,completed,,0,AMR_AGV_transport,synthetic
ORD-0051,2024-03-01 18:25,Daily Report,admin_operator,food,outbound,23,Admin,afternoon,handheld_scanner,completed,,0,operational_intelligence_report,synthetic
ORD-0052,2024-01-17 16:05,Pick List Received,admin_operator,cosmetics,outbound,32,Admin,afternoon,handheld_scanner,completed,,0,workflow_dashboard,synthetic
ORD-0052,2024-01-17 16:14,Location Search,warehouse_operator,cosmetics,outbound,32,A,afternoon,handheld_scanner,completed,,0,AMR_route_support,synthetic
ORD-0052,2024-01-17 16:36,Item Picking,warehouse_operator,cosmetics,outbound,32,A,afternoon,handheld_scanner,completed,,0,robotic_picking_support,synthetic
ORD-0052,2024-01-17 16:40,Barcode Scan,scan_operator,cosmetics,outbound,32,B,afternoon,handheld_scanner,completed,,0,barcode_ocr_verification,synthetic
ORD-0052,2024-01-17 16:46,Product Sorting,sort_operator,cosmetics,outbound,32,C,afternoon,handheld_scanner,completed,,0,automated_sorting,synthetic
ORD-0052,2024-01-17 16:56,Inspection,inspection_operator,cosmetics,outbound,32,D,afternoon,handheld_scanner,rework,damaged_packaging,15,vision_based_inspection,synthetic
ORD-0052,2024-01-17 17:20,Exception Review,floor_supervisor,cosmetics,outbound,32,Supervisor,afternoon,handheld_scanner,reviewed,damaged_packaging,18,exception_decision_support,synthetic
ORD-0052,2024-01-17 17:26,Repacking,packing_operator,cosmetics,outbound,32,E,afternoon,handheld_scanner,completed,,0,packing_assist,synthetic
ORD-0052,2024-01-17 17:34,Packing,packing_operator,cosmetics,outbound,32,E,afternoon,handheld_scanner,completed,,0,packing_assist,synthetic
ORD-0052,2024-01-17 17:45,Loading Support,loading_support,cosmetics,outbound,32,F,afternoon,handheld_scanner,completed,,0,AMR_AGV_transport,synthetic
ORD-0052,2024-01-17 17:52,Daily Report,admin_operator,cosmetics,outbound,32,Admin,afternoon,handheld_scanner,completed,,0,operational_intelligence_report,synthetic
ORD-0053,2024-02-06 08:36,Pick List Received,admin_operator,food,outbound,19,Admin,morning,handheld_scanner,completed,,0,workflow_dashboard,synthetic
ORD-0053,2024-02-06 08:40,Location Search,warehouse_operator,food,outbound,19,A,morning,handheld_scanner,completed,,0,AMR_route_support,synthetic
ORD-0053,2024-02-06 08:49,Item Picking,warehouse_operator,food,outbound,19,A,morning,handheld_scanner,completed,,0,robotic_picking_support,synthetic
ORD-0053,2024-02-06 08:53,Barcode Scan,scan_operator,food,outbound,19,B,morning,handheld_scanner,exception,scan_failure,17,barcode_ocr_verification,synthetic
ORD-0053,2024-02-06 09:18,Exception Review,floor_supervisor,food,outbound,19,Supervisor,morning,handheld_scanner,reviewed,scan_failure,9,exception_decision_support,synthetic
ORD-0053,2024-02-06 09:22,Re-scan,scan_operator,food,outbound,19,B,morning,handheld_scanner,completed,,0,barcode_ocr_verification,synthetic
ORD-0053,2024-02-06 09:39,Product Sorting,sort_operator,food,outbound,19,C,morning,handheld_scanner,rework,label_mismatch,8,automated_sorting,synthetic
ORD-0053,2024-02-06 10:02,Exception Review,floor_supervisor,food,outbound,19,Supervisor,morning,handheld_scanner,reviewed,label_mismatch,3,exception_decision_support,synthetic
ORD-0053,2024-02-06 10:08,Re-scan,scan_operator,food,outbound,19,B,morning,handheld_scanner,completed,,0,barcode_ocr_verification,synthetic
ORD-0053,2024-02-06 10:13,Inspection,inspection_operator,food,outbound,19,D,morning,handheld_scanner,completed,,0,vision_based_inspection,synthetic
ORD-0053,2024-02-06 10:31,Packing,packing_operator,food,outbound,19,E,morning,handheld_scanner,completed,,0,packing_assist,synthetic
ORD-0053,2024-02-06 10:58,Loading Support,loading_support,food,outbound,19,F,morning,handheld_scanner,exception,safety_delay,68,AMR_AGV_transport,synthetic
ORD-0053,2024-02-06 11:05,Daily Report,admin_operator,food,outbound,19,Admin,morning,handheld_scanner,completed,,0,operational_intelligence_report,synthetic
ORD-0054,2024-01-09 13:32,Pick List Received,admin_operator,food,outbound,22,Admin,afternoon,pda_terminal,completed,,0,workflow_dashboard,synthetic
ORD-0054,2024-01-09 13:36,Location Search,warehouse_operator,food,outbound,22,A,afternoon,pda_terminal,completed,,0,AMR_route_support,synthetic
ORD-0054,2024-01-09 13:55,Item Picking,warehouse_operator,food,outbound,22,A,afternoon,pda_terminal,completed,,0,robotic_picking_support,synthetic
ORD-0054,2024-01-09 14:03,Barcode Scan,scan_operator,food,outbound,22,B,afternoon,pda_terminal,rework,label_mismatch,12,barcode_ocr_verification,synthetic
ORD-0054,2024-01-09 14:16,Exception Review,floor_supervisor,food,outbound,22,Supervisor,afternoon,pda_terminal,reviewed,label_mismatch,4,exception_decision_support,synthetic
ORD-0054,2024-01-09 14:19,Re-scan,scan_operator,food,outbound,22,B,afternoon,pda_terminal,completed,,0,barcode_ocr_verification,synthetic
ORD-0054,2024-01-09 14:27,Product Sorting,sort_operator,food,outbound,22,C,afternoon,pda_terminal,rework,label_mismatch,13,automated_sorting,synthetic
ORD-0054,2024-01-09 14:34,Exception Review,floor_supervisor,food,outbound,22,Supervisor,afternoon,pda_terminal,reviewed,label_mismatch,5,exception_decision_support,synthetic
ORD-0054,2024-01-09 14:39,Re-scan,scan_operator,food,outbound,22,B,afternoon,pda_terminal,completed,,0,barcode_ocr_verification,synthetic
ORD-0054,2024-01-09 14:49,Inspection,inspection_operator,food,outbound,22,D,afternoon,pda_terminal,exception,station_congestion,18,vision_based_inspection,synthetic
ORD-0054,2024-01-09 15:00,Packing,packing_operator,food,outbound,22,E,afternoon,pda_terminal,rework,station_congestion,18,packing_assist,synthetic
ORD-0054,2024-01-09 15:25,Loading Support,loading_support,food,outbound,22,F,afternoon,pda_terminal,completed,,0,AMR_AGV_transport,synthetic
ORD-0054,2024-01-09 15:29,Daily Report,admin_operator,food,outbound,22,Admin,afternoon,pda_terminal,completed,,0,operational_intelligence_report,synthetic
ORD-0055,2024-01-30 16:44,Pick List Received,admin_operator,apparel,outbound,11,Admin,afternoon,handheld_scanner,completed,,0,workflow_dashboard,synthetic
ORD-0055,2024-01-30 16:47,Location Search,warehouse_operator,apparel,outbound,11,A,afternoon,handheld_scanner,completed,,0,AMR_route_support,synthetic
ORD-0055,2024-01-30 16:56,Item Picking,warehouse_operator,apparel,outbound,11,A,afternoon,handheld_scanner,completed,,0,robotic_picking_support,synthetic
ORD-0055,2024-01-30 16:58,Barcode Scan,scan_operator,apparel,outbound,11,B,afternoon,handheld_scanner,completed,,0,barcode_ocr_verification,synthetic
ORD-0055,2024-01-30 17:13,Product Sorting,sort_operator,apparel,outbound,11,C,afternoon,handheld_scanner,exception,wrong_location,17,automated_sorting,synthetic
ORD-0055,2024-01-30 17:16,Inspection,inspection_operator,apparel,outbound,11,D,afternoon,handheld_scanner,completed,,0,vision_based_inspection,synthetic
ORD-0055,2024-01-30 17:29,Packing,packing_operator,apparel,outbound,11,E,afternoon,handheld_scanner,rework,damaged_packaging,28,packing_assist,synthetic
ORD-0055,2024-01-30 17:37,Exception Review,floor_supervisor,apparel,outbound,11,Supervisor,afternoon,handheld_scanner,reviewed,damaged_packaging,12,exception_decision_support,synthetic
ORD-0055,2024-01-30 17:48,Repacking,packing_operator,apparel,outbound,11,E,afternoon,handheld_scanner,completed,,0,packing_assist,synthetic
ORD-0055,2024-01-30 18:13,Loading Support,loading_support,apparel,outbound,11,F,afternoon,handheld_scanner,completed,,0,AMR_AGV_transport,synthetic
ORD-0055,2024-01-30 18:23,Daily Report,admin_operator,apparel,outbound,11,Admin,afternoon,handheld_scanner,completed,,0,operational_intelligence_report,synthetic
ORD-0056,2024-02-25 11:20,Pick List Received,admin_operator,cosmetics,outbound,21,Admin,morning,handheld_scanner,completed,,0,workflow_dashboard,synthetic
ORD-0056,2024-02-25 11:22,Location Search,warehouse_operator,cosmetics,outbound,21,A,morning,handheld_scanner,completed,,0,AMR_route_support,synthetic
ORD-0056,2024-02-25 11:45,Item Picking,warehouse_operator,cosmetics,outbound,21,A,morning,handheld_scanner,completed,,0,robotic_picking_support,synthetic
ORD-0056,2024-02-25 11:47,Barcode Scan,scan_operator,cosmetics,outbound,21,B,morning,handheld_scanner,exception,label_mismatch,7,barcode_ocr_verification,synthetic
ORD-0056,2024-02-25 12:05,Exception Review,floor_supervisor,cosmetics,outbound,21,Supervisor,morning,handheld_scanner,reviewed,label_mismatch,9,exception_decision_support,synthetic
ORD-0056,2024-02-25 12:06,Re-scan,scan_operator,cosmetics,outbound,21,B,morning,handheld_scanner,completed,,0,barcode_ocr_verification,synthetic
ORD-0056,2024-02-25 12:13,Product Sorting,sort_operator,cosmetics,outbound,21,C,morning,handheld_scanner,exception,wrong_location,27,automated_sorting,synthetic
ORD-0056,2024-02-25 12:25,Inspection,inspection_operator,cosmetics,outbound,21,D,morning,handheld_scanner,completed,,0,vision_based_inspection,synthetic
ORD-0056,2024-02-25 12:36,Packing,packing_operator,cosmetics,outbound,21,E,morning,handheld_scanner,exception,quantity_mismatch,22,packing_assist,synthetic
ORD-0056,2024-02-25 12:45,Exception Review,floor_supervisor,cosmetics,outbound,21,Supervisor,morning,handheld_scanner,reviewed,quantity_mismatch,5,exception_decision_support,synthetic
ORD-0056,2024-02-25 12:50,Re-inspection,inspection_operator,cosmetics,outbound,21,D,morning,handheld_scanner,completed,,0,vision_based_inspection,synthetic
ORD-0056,2024-02-25 13:10,Loading Support,loading_support,cosmetics,outbound,21,F,morning,handheld_scanner,completed,,0,AMR_AGV_transport,synthetic
ORD-0056,2024-02-25 13:20,Daily Report,admin_operator,cosmetics,outbound,21,Admin,morning,handheld_scanner,completed,,0,operational_intelligence_report,synthetic
ORD-0057,2024-02-06 09:00,Pick List Received,admin_operator,food,return,24,Admin,morning,handheld_scanner,completed,,0,workflow_dashboard,synthetic
ORD-0057,2024-02-06 09:10,Location Search,warehouse_operator,food,return,24,A,morning,handheld_scanner,completed,,0,AMR_route_support,synthetic
ORD-0057,2024-02-06 09:17,Item Picking,warehouse_operator,food,return,24,A,morning,handheld_scanner,completed,,0,robotic_picking_support,synthetic
ORD-0057,2024-02-06 09:22,Barcode Scan,scan_operator,food,return,24,B,morning,handheld_scanner,completed,,0,barcode_ocr_verification,synthetic
ORD-0057,2024-02-06 09:27,Product Sorting,sort_operator,food,return,24,C,morning,handheld_scanner,rework,station_congestion,26,automated_sorting,synthetic
ORD-0057,2024-02-06 09:33,Inspection,inspection_operator,food,return,24,D,morning,handheld_scanner,rework,damaged_packaging,10,vision_based_inspection,synthetic
ORD-0057,2024-02-06 09:42,Exception Review,floor_supervisor,food,return,24,Supervisor,morning,handheld_scanner,reviewed,damaged_packaging,10,exception_decision_support,synthetic
ORD-0057,2024-02-06 10:00,Repacking,packing_operator,food,return,24,E,morning,handheld_scanner,completed,,0,packing_assist,synthetic
ORD-0057,2024-02-06 10:05,Packing,packing_operator,food,return,24,E,morning,handheld_scanner,completed,,0,packing_assist,synthetic
ORD-0057,2024-02-06 10:32,Loading Support,loading_support,food,return,24,F,morning,handheld_scanner,completed,,0,AMR_AGV_transport,synthetic
ORD-0057,2024-02-06 10:40,Daily Report,admin_operator,food,return,24,Admin,morning,handheld_scanner,completed,,0,operational_intelligence_report,synthetic
ORD-0058,2024-01-12 19:43,Pick List Received,admin_operator,apparel,outbound,21,Admin,night,handheld_scanner,completed,,0,workflow_dashboard,synthetic
ORD-0058,2024-01-12 19:53,Location Search,warehouse_operator,apparel,outbound,21,A,night,handheld_scanner,completed,,0,AMR_route_support,synthetic
ORD-0058,2024-01-12 19:59,Item Picking,warehouse_operator,apparel,outbound,21,A,night,handheld_scanner,completed,,0,robotic_picking_support,synthetic
ORD-0058,2024-01-12 20:06,Barcode Scan,scan_operator,apparel,outbound,21,B,night,handheld_scanner,rework,label_mismatch,15,barcode_ocr_verification,synthetic
ORD-0058,2024-01-12 20:22,Exception Review,floor_supervisor,apparel,outbound,21,Supervisor,night,handheld_scanner,reviewed,label_mismatch,6,exception_decision_support,synthetic
ORD-0058,2024-01-12 20:25,Re-scan,scan_operator,apparel,outbound,21,B,night,handheld_scanner,completed,,0,barcode_ocr_verification,synthetic
ORD-0058,2024-01-12 20:37,Product Sorting,sort_operator,apparel,outbound,21,C,night,handheld_scanner,completed,,0,automated_sorting,synthetic
ORD-0058,2024-01-12 20:47,Inspection,inspection_operator,apparel,outbound,21,D,night,handheld_scanner,rework,missing_item,49,vision_based_inspection,synthetic
ORD-0058,2024-01-12 21:05,Exception Review,floor_supervisor,apparel,outbound,21,Supervisor,night,handheld_scanner,reviewed,missing_item,5,exception_decision_support,synthetic
ORD-0058,2024-01-12 21:11,Re-inspection,inspection_operator,apparel,outbound,21,D,night,handheld_scanner,completed,,0,vision_based_inspection,synthetic
ORD-0058,2024-01-12 21:32,Packing,packing_operator,apparel,outbound,21,E,night,handheld_scanner,rework,missing_item,34,packing_assist,synthetic
ORD-0058,2024-01-12 21:44,Exception Review,floor_supervisor,apparel,outbound,21,Supervisor,night,handheld_scanner,reviewed,missing_item,18,exception_decision_support,synthetic
ORD-0058,2024-01-12 21:54,Re-inspection,inspection_operator,apparel,outbound,21,D,night,handheld_scanner,completed,,0,vision_based_inspection,synthetic
ORD-0058,2024-01-12 22:00,Loading Support,loading_support,apparel,outbound,21,F,night,handheld_scanner,completed,,0,AMR_AGV_transport,synthetic
ORD-0058,2024-01-12 22:04,Daily Report,admin_operator,apparel,outbound,21,Admin,night,handheld_scanner,completed,,0,operational_intelligence_report,synthetic
ORD-0059,2024-02-19 20:04,Pick List Received,admin_operator,cosmetics,outbound,34,Admin,night,handheld_scanner,completed,,0,workflow_dashboard,synthetic
ORD-0059,2024-02-19 20:12,Location Search,warehouse_operator,cosmetics,outbound,34,A,night,handheld_scanner,completed,,0,AMR_route_support,synthetic
ORD-0059,2024-02-19 20:19,Item Picking,warehouse_operator,cosmetics,outbound,34,A,night,handheld_scanner,completed,,0,robotic_picking_support,synthetic
ORD-0059,2024-02-19 20:20,Barcode Scan,scan_operator,cosmetics,outbound,34,B,night,handheld_scanner,rework,wrong_location,39,barcode_ocr_verification,synthetic
ORD-0059,2024-02-19 20:31,Product Sorting,sort_operator,cosmetics,outbound,34,C,night,handheld_scanner,rework,damaged_packaging,16,automated_sorting,synthetic
ORD-0059,2024-02-19 20:46,Exception Review,floor_supervisor,cosmetics,outbound,34,Supervisor,night,handheld_scanner,reviewed,damaged_packaging,18,exception_decision_support,synthetic
ORD-0059,2024-02-19 20:51,Repacking,packing_operator,cosmetics,outbound,34,E,night,handheld_scanner,completed,,0,packing_assist,synthetic
ORD-0059,2024-02-19 21:11,Inspection,inspection_operator,cosmetics,outbound,34,D,night,handheld_scanner,rework,damaged_packaging,26,vision_based_inspection,synthetic
ORD-0059,2024-02-19 21:35,Exception Review,floor_supervisor,cosmetics,outbound,34,Supervisor,night,handheld_scanner,reviewed,damaged_packaging,6,exception_decision_support,synthetic
ORD-0059,2024-02-19 21:42,Repacking,packing_operator,cosmetics,outbound,34,E,night,handheld_scanner,completed,,0,packing_assist,synthetic
ORD-0059,2024-02-19 21:56,Packing,packing_operator,cosmetics,outbound,34,E,night,handheld_scanner,rework,damaged_packaging,13,packing_assist,synthetic
ORD-0059,2024-02-19 22:01,Exception Review,floor_supervisor,cosmetics,outbound,34,Supervisor,night,handheld_scanner,reviewed,damaged_packaging,17,exception_decision_support,synthetic
ORD-0059,2024-02-19 22:18,Repacking,packing_operator,cosmetics,outbound,34,E,night,handheld_scanner,completed,,0,packing_assist,synthetic
ORD-0059,2024-02-19 22:37,Loading Support,loading_support,cosmetics,outbound,34,F,night,handheld_scanner,completed,,0,AMR_AGV_transport,synthetic
ORD-0059,2024-02-19 22:47,Daily Report,admin_operator,cosmetics,outbound,34,Admin,night,handheld_scanner,completed,,0,operational_intelligence_report,synthetic
ORD-0060,2024-01-10 14:58,Pick List Received,admin_operator,apparel,outbound,9,Admin,afternoon,handheld_scanner,completed,,0,workflow_dashboard,synthetic
ORD-0060,2024-01-10 15:01,Location Search,warehouse_operator,apparel,outbound,9,A,afternoon,handheld_scanner,completed,,0,AMR_route_support,synthetic
ORD-0060,2024-01-10 15:24,Item Picking,warehouse_operator,apparel,outbound,9,A,afternoon,handheld_scanner,completed,,0,robotic_picking_support,synthetic
ORD-0060,2024-01-10 15:29,Barcode Scan,scan_operator,apparel,outbound,9,B,afternoon,handheld_scanner,completed,,0,barcode_ocr_verification,synthetic
ORD-0060,2024-01-10 15:34,Product Sorting,sort_operator,apparel,outbound,9,C,afternoon,handheld_scanner,exception,label_mismatch,20,automated_sorting,synthetic
ORD-0060,2024-01-10 15:40,Exception Review,floor_supervisor,apparel,outbound,9,Supervisor,afternoon,handheld_scanner,reviewed,label_mismatch,5,exception_decision_support,synthetic
ORD-0060,2024-01-10 15:45,Re-scan,scan_operator,apparel,outbound,9,B,afternoon,handheld_scanner,completed,,0,barcode_ocr_verification,synthetic
ORD-0060,2024-01-10 16:01,Inspection,inspection_operator,apparel,outbound,9,D,afternoon,handheld_scanner,completed,,0,vision_based_inspection,synthetic
ORD-0060,2024-01-10 16:17,Packing,packing_operator,apparel,outbound,9,E,afternoon,handheld_scanner,completed,,0,packing_assist,synthetic
ORD-0060,2024-01-10 16:34,Loading Support,loading_support,apparel,outbound,9,F,afternoon,handheld_scanner,completed,,0,AMR_AGV_transport,synthetic
ORD-0060,2024-01-10 16:38,Daily Report,admin_operator,apparel,outbound,9,Admin,afternoon,handheld_scanner,completed,,0,operational_intelligence_report,synthetic
ORD-0061,2024-01-07 10:00,Pick List Received,admin_operator,household_goods,transfer,29,Admin,morning,pda_terminal,completed,,0,workflow_dashboard,synthetic
ORD-0061,2024-01-07 10:02,Location Search,warehouse_operator,household_goods,transfer,29,A,morning,pda_terminal,completed,,0,AMR_route_support,synthetic
ORD-0061,2024-01-07 10:09,Item Picking,warehouse_operator,household_goods,transfer,29,A,morning,pda_terminal,completed,,0,robotic_picking_support,synthetic
ORD-0061,2024-01-07 10:14,Barcode Scan,scan_operator,household_goods,transfer,29,B,morning,pda_terminal,exception,damaged_packaging,44,barcode_ocr_verification,synthetic
ORD-0061,2024-01-07 10:34,Exception Review,floor_supervisor,household_goods,transfer,29,Supervisor,morning,pda_terminal,reviewed,damaged_packaging,20,exception_decision_support,synthetic
ORD-0061,2024-01-07 10:43,Repacking,packing_operator,household_goods,transfer,29,E,morning,pda_terminal,completed,,0,packing_assist,synthetic
ORD-0061,2024-01-07 10:56,Product Sorting,sort_operator,household_goods,transfer,29,C,morning,pda_terminal,exception,missing_item,32,automated_sorting,synthetic
ORD-0061,2024-01-07 11:17,Exception Review,floor_supervisor,household_goods,transfer,29,Supervisor,morning,pda_terminal,reviewed,missing_item,16,exception_decision_support,synthetic
ORD-0061,2024-01-07 11:32,Re-inspection,inspection_operator,household_goods,transfer,29,D,morning,pda_terminal,completed,,0,vision_based_inspection,synthetic
ORD-0061,2024-01-07 11:42,Inspection,inspection_operator,household_goods,transfer,29,D,morning,pda_terminal,completed,,0,vision_based_inspection,synthetic
ORD-0061,2024-01-07 11:49,Packing,packing_operator,household_goods,transfer,29,E,morning,pda_terminal,exception,damaged_packaging,34,packing_assist,synthetic
ORD-0061,2024-01-07 12:05,Exception Review,floor_supervisor,household_goods,transfer,29,Supervisor,morning,pda_terminal,reviewed,damaged_packaging,5,exception_decision_support,synthetic
ORD-0061,2024-01-07 12:20,Repacking,packing_operator,household_goods,transfer,29,E,morning,pda_terminal,completed,,0,packing_assist,synthetic
ORD-0061,2024-01-07 12:47,Loading Support,loading_support,household_goods,transfer,29,F,morning,pda_terminal,rework,safety_delay,46,AMR_AGV_transport,synthetic
ORD-0061,2024-01-07 12:50,Daily Report,admin_operator,household_goods,transfer,29,Admin,morning,pda_terminal,completed,,0,operational_intelligence_report,synthetic
ORD-0062,2024-01-28 09:51,Pick List Received,admin_operator,apparel,outbound,31,Admin,morning,handheld_scanner,completed,,0,workflow_dashboard,synthetic
ORD-0062,2024-01-28 09:53,Location Search,warehouse_operator,apparel,outbound,31,A,morning,handheld_scanner,completed,,0,AMR_route_support,synthetic
ORD-0062,2024-01-28 10:02,Item Picking,warehouse_operator,apparel,outbound,31,A,morning,handheld_scanner,completed,,0,robotic_picking_support,synthetic
ORD-0062,2024-01-28 10:05,Barcode Scan,scan_operator,apparel,outbound,31,B,morning,handheld_scanner,completed,,0,barcode_ocr_verification,synthetic
ORD-0062,2024-01-28 10:19,Product Sorting,sort_operator,apparel,outbound,31,C,morning,handheld_scanner,completed,,0,automated_sorting,synthetic
ORD-0062,2024-01-28 10:33,Inspection,inspection_operator,apparel,outbound,31,D,morning,handheld_scanner,completed,,0,vision_based_inspection,synthetic
ORD-0062,2024-01-28 10:49,Packing,packing_operator,apparel,outbound,31,E,morning,handheld_scanner,completed,,0,packing_assist,synthetic
ORD-0062,2024-01-28 11:04,Loading Support,loading_support,apparel,outbound,31,F,morning,handheld_scanner,exception,station_congestion,21,AMR_AGV_transport,synthetic
ORD-0062,2024-01-28 11:09,Daily Report,admin_operator,apparel,outbound,31,Admin,morning,handheld_scanner,completed,,0,operational_intelligence_report,synthetic
ORD-0063,2024-01-03 12:11,Pick List Received,admin_operator,cosmetics,return,19,Admin,morning,handheld_scanner,completed,,0,workflow_dashboard,synthetic
ORD-0063,2024-01-03 12:16,Location Search,warehouse_operator,cosmetics,return,19,A,morning,handheld_scanner,completed,,0,AMR_route_support,synthetic
ORD-0063,2024-01-03 12:41,Item Picking,warehouse_operator,cosmetics,return,19,A,morning,handheld_scanner,completed,,0,robotic_picking_support,synthetic
ORD-0063,2024-01-03 12:43,Barcode Scan,scan_operator,cosmetics,return,19,B,morning,handheld_scanner,completed,,0,barcode_ocr_verification,synthetic
ORD-0063,2024-01-03 12:50,Product Sorting,sort_operator,cosmetics,return,19,C,morning,handheld_scanner,exception,wrong_location,36,automated_sorting,synthetic
ORD-0063,2024-01-03 13:07,Inspection,inspection_operator,cosmetics,return,19,D,morning,handheld_scanner,exception,label_mismatch,8,vision_based_inspection,synthetic
ORD-0063,2024-01-03 13:25,Exception Review,floor_supervisor,cosmetics,return,19,Supervisor,morning,handheld_scanner,reviewed,label_mismatch,5,exception_decision_support,synthetic
ORD-0063,2024-01-03 13:29,Re-scan,scan_operator,cosmetics,return,19,B,morning,handheld_scanner,completed,,0,barcode_ocr_verification,synthetic
ORD-0063,2024-01-03 13:48,Packing,packing_operator,cosmetics,return,19,E,morning,handheld_scanner,completed,,0,packing_assist,synthetic
ORD-0063,2024-01-03 14:04,Loading Support,loading_support,cosmetics,return,19,F,morning,handheld_scanner,completed,,0,AMR_AGV_transport,synthetic
ORD-0063,2024-01-03 14:07,Daily Report,admin_operator,cosmetics,return,19,Admin,morning,handheld_scanner,completed,,0,operational_intelligence_report,synthetic
ORD-0064,2024-01-12 15:53,Pick List Received,admin_operator,cosmetics,return,15,Admin,afternoon,handheld_scanner,completed,,0,workflow_dashboard,synthetic
ORD-0064,2024-01-12 15:56,Location Search,warehouse_operator,cosmetics,return,15,A,afternoon,handheld_scanner,completed,,0,AMR_route_support,synthetic
ORD-0064,2024-01-12 16:03,Item Picking,warehouse_operator,cosmetics,return,15,A,afternoon,handheld_scanner,completed,,0,robotic_picking_support,synthetic
ORD-0064,2024-01-12 16:09,Barcode Scan,scan_operator,cosmetics,return,15,B,afternoon,handheld_scanner,exception,scan_failure,13,barcode_ocr_verification,synthetic
ORD-0064,2024-01-12 16:27,Exception Review,floor_supervisor,cosmetics,return,15,Supervisor,afternoon,handheld_scanner,reviewed,scan_failure,5,exception_decision_support,synthetic
ORD-0064,2024-01-12 16:32,Re-scan,scan_operator,cosmetics,return,15,B,afternoon,handheld_scanner,completed,,0,barcode_ocr_verification,synthetic
ORD-0064,2024-01-12 16:48,Product Sorting,sort_operator,cosmetics,return,15,C,afternoon,handheld_scanner,exception,quantity_mismatch,21,automated_sorting,synthetic
ORD-0064,2024-01-12 17:02,Exception Review,floor_supervisor,cosmetics,return,15,Supervisor,afternoon,handheld_scanner,reviewed,quantity_mismatch,12,exception_decision_support,synthetic
ORD-0064,2024-01-12 17:06,Re-inspection,inspection_operator,cosmetics,return,15,D,afternoon,handheld_scanner,completed,,0,vision_based_inspection,synthetic
ORD-0064,2024-01-12 17:10,Inspection,inspection_operator,cosmetics,return,15,D,afternoon,handheld_scanner,rework,wrong_location,10,vision_based_inspection,synthetic
ORD-0064,2024-01-12 17:20,Packing,packing_operator,cosmetics,return,15,E,afternoon,handheld_scanner,exception,quantity_mismatch,23,packing_assist,synthetic
ORD-0064,2024-01-12 17:27,Exception Review,floor_supervisor,cosmetics,return,15,Supervisor,afternoon,handheld_scanner,reviewed,quantity_mismatch,17,exception_decision_support,synthetic
ORD-0064,2024-01-12 17:32,Re-inspection,inspection_operator,cosmetics,return,15,D,afternoon,handheld_scanner,completed,,0,vision_based_inspection,synthetic
ORD-0064,2024-01-12 17:48,Loading Support,loading_support,cosmetics,return,15,F,afternoon,handheld_scanner,completed,,0,AMR_AGV_transport,synthetic
ORD-0064,2024-01-12 17:55,Daily Report,admin_operator,cosmetics,return,15,Admin,afternoon,handheld_scanner,completed,,0,operational_intelligence_report,synthetic
ORD-0065,2024-02-06 08:38,Pick List Received,admin_operator,apparel,outbound,17,Admin,morning,handheld_scanner,completed,,0,workflow_dashboard,synthetic
ORD-0065,2024-02-06 08:48,Location Search,warehouse_operator,apparel,outbound,17,A,morning,handheld_scanner,completed,,0,AMR_route_support,synthetic
ORD-0065,2024-02-06 09:06,Item Picking,warehouse_operator,apparel,outbound,17,A,morning,handheld_scanner,completed,,0,robotic_picking_support,synthetic
ORD-0065,2024-02-06 09:10,Barcode Scan,scan_operator,apparel,outbound,17,B,morning,handheld_scanner,completed,,0,barcode_ocr_verification,synthetic
ORD-0065,2024-02-06 09:25,Product Sorting,sort_operator,apparel,outbound,17,C,morning,handheld_scanner,completed,,0,automated_sorting,synthetic
ORD-0065,2024-02-06 09:41,Inspection,inspection_operator,apparel,outbound,17,D,morning,handheld_scanner,completed,,0,vision_based_inspection,synthetic
ORD-0065,2024-02-06 10:00,Packing,packing_operator,apparel,outbound,17,E,morning,handheld_scanner,completed,,0,packing_assist,synthetic
ORD-0065,2024-02-06 10:12,Loading Support,loading_support,apparel,outbound,17,F,morning,handheld_scanner,completed,,0,AMR_AGV_transport,synthetic
ORD-0065,2024-02-06 10:15,Daily Report,admin_operator,apparel,outbound,17,Admin,morning,handheld_scanner,completed,,0,operational_intelligence_report,synthetic
ORD-0066,2024-01-21 08:42,Pick List Received,admin_operator,household_goods,return,34,Admin,morning,pda_terminal,completed,,0,workflow_dashboard,synthetic
ORD-0066,2024-01-21 08:47,Location Search,warehouse_operator,household_goods,return,34,A,morning,pda_terminal,completed,,0,AMR_route_support,synthetic
ORD-0066,2024-01-21 08:56,Item Picking,warehouse_operator,household_goods,return,34,A,morning,pda_terminal,completed,,0,robotic_picking_support,synthetic
ORD-0066,2024-01-21 08:57,Barcode Scan,scan_operator,household_goods,return,34,B,morning,pda_terminal,rework,wrong_location,36,barcode_ocr_verification,synthetic
ORD-0066,2024-01-21 09:02,Product Sorting,sort_operator,household_goods,return,34,C,morning,pda_terminal,exception,missing_item,15,automated_sorting,synthetic
ORD-0066,2024-01-21 09:20,Exception Review,floor_supervisor,household_goods,return,34,Supervisor,morning,pda_terminal,reviewed,missing_item,8,exception_decision_support,synthetic
ORD-0066,2024-01-21 09:29,Re-inspection,inspection_operator,household_goods,return,34,D,morning,pda_terminal,completed,,0,vision_based_inspection,synthetic
ORD-0066,2024-01-21 09:36,Inspection,inspection_operator,household_goods,return,34,D,morning,pda_terminal,rework,quantity_mismatch,26,vision_based_inspection,synthetic
ORD-0066,2024-01-21 09:49,Exception Review,floor_supervisor,household_goods,return,34,Supervisor,morning,pda_terminal,reviewed,quantity_mismatch,17,exception_decision_support,synthetic
ORD-0066,2024-01-21 10:02,Re-inspection,inspection_operator,household_goods,return,34,D,morning,pda_terminal,completed,,0,vision_based_inspection,synthetic
ORD-0066,2024-01-21 10:21,Packing,packing_operator,household_goods,return,34,E,morning,pda_terminal,completed,,0,packing_assist,synthetic
ORD-0066,2024-01-21 10:41,Loading Support,loading_support,household_goods,return,34,F,morning,pda_terminal,exception,quantity_mismatch,27,AMR_AGV_transport,synthetic
ORD-0066,2024-01-21 10:47,Exception Review,floor_supervisor,household_goods,return,34,Supervisor,morning,pda_terminal,reviewed,quantity_mismatch,20,exception_decision_support,synthetic
ORD-0066,2024-01-21 10:54,Re-inspection,inspection_operator,household_goods,return,34,D,morning,pda_terminal,completed,,0,vision_based_inspection,synthetic
ORD-0066,2024-01-21 11:01,Daily Report,admin_operator,household_goods,return,34,Admin,morning,pda_terminal,completed,,0,operational_intelligence_report,synthetic
ORD-0067,2024-01-15 10:21,Pick List Received,admin_operator,apparel,return,18,Admin,morning,pda_terminal,completed,,0,workflow_dashboard,synthetic
ORD-0067,2024-01-15 10:28,Location Search,warehouse_operator,apparel,return,18,A,morning,pda_terminal,completed,,0,AMR_route_support,synthetic
ORD-0067,2024-01-15 10:41,Item Picking,warehouse_operator,apparel,return,18,A,morning,pda_terminal,completed,,0,robotic_picking_support,synthetic
ORD-0067,2024-01-15 10:48,Barcode Scan,scan_operator,apparel,return,18,B,morning,pda_terminal,completed,,0,barcode_ocr_verification,synthetic
ORD-0067,2024-01-15 10:53,Product Sorting,sort_operator,apparel,return,18,C,morning,pda_terminal,exception,quantity_mismatch,23,automated_sorting,synthetic
ORD-0067,2024-01-15 11:00,Exception Review,floor_supervisor,apparel,return,18,Supervisor,morning,pda_terminal,reviewed,quantity_mismatch,14,exception_decision_support,synthetic
ORD-0067,2024-01-15 11:14,Re-inspection,inspection_operator,apparel,return,18,D,morning,pda_terminal,completed,,0,vision_based_inspection,synthetic
ORD-0067,2024-01-15 11:33,Inspection,inspection_operator,apparel,return,18,D,morning,pda_terminal,rework,wrong_location,16,vision_based_inspection,synthetic
ORD-0067,2024-01-15 11:51,Packing,packing_operator,apparel,return,18,E,morning,pda_terminal,exception,quantity_mismatch,19,packing_assist,synthetic
ORD-0067,2024-01-15 12:03,Exception Review,floor_supervisor,apparel,return,18,Supervisor,morning,pda_terminal,reviewed,quantity_mismatch,16,exception_decision_support,synthetic
ORD-0067,2024-01-15 12:13,Re-inspection,inspection_operator,apparel,return,18,D,morning,pda_terminal,completed,,0,vision_based_inspection,synthetic
ORD-0067,2024-01-15 12:37,Loading Support,loading_support,apparel,return,18,F,morning,pda_terminal,completed,,0,AMR_AGV_transport,synthetic
ORD-0067,2024-01-15 12:46,Daily Report,admin_operator,apparel,return,18,Admin,morning,pda_terminal,completed,,0,operational_intelligence_report,synthetic
ORD-0068,2024-01-14 10:35,Pick List Received,admin_operator,food,outbound,17,Admin,morning,pda_terminal,completed,,0,workflow_dashboard,synthetic
ORD-0068,2024-01-14 10:40,Location Search,warehouse_operator,food,outbound,17,A,morning,pda_terminal,completed,,0,AMR_route_support,synthetic
ORD-0068,2024-01-14 10:52,Item Picking,warehouse_operator,food,outbound,17,A,morning,pda_terminal,completed,,0,robotic_picking_support,synthetic
ORD-0068,2024-01-14 10:56,Barcode Scan,scan_operator,food,outbound,17,B,morning,pda_terminal,completed,,0,barcode_ocr_verification,synthetic
ORD-0068,2024-01-14 11:07,Product Sorting,sort_operator,food,outbound,17,C,morning,pda_terminal,completed,,0,automated_sorting,synthetic
ORD-0068,2024-01-14 11:26,Inspection,inspection_operator,food,outbound,17,D,morning,pda_terminal,rework,label_mismatch,6,vision_based_inspection,synthetic
ORD-0068,2024-01-14 11:51,Exception Review,floor_supervisor,food,outbound,17,Supervisor,morning,pda_terminal,reviewed,label_mismatch,7,exception_decision_support,synthetic
ORD-0068,2024-01-14 11:55,Re-scan,scan_operator,food,outbound,17,B,morning,pda_terminal,completed,,0,barcode_ocr_verification,synthetic
ORD-0068,2024-01-14 12:11,Packing,packing_operator,food,outbound,17,E,morning,pda_terminal,completed,,0,packing_assist,synthetic
ORD-0068,2024-01-14 12:30,Loading Support,loading_support,food,outbound,17,F,morning,pda_terminal,rework,station_congestion,10,AMR_AGV_transport,synthetic
ORD-0068,2024-01-14 12:40,Daily Report,admin_operator,food,outbound,17,Admin,morning,pda_terminal,completed,,0,operational_intelligence_report,synthetic
ORD-0069,2024-02-15 10:49,Pick List Received,admin_operator,food,outbound,7,Admin,morning,handheld_scanner,completed,,0,workflow_dashboard,synthetic
ORD-0069,2024-02-15 10:54,Location Search,warehouse_operator,food,outbound,7,A,morning,handheld_scanner,completed,,0,AMR_route_support,synthetic
ORD-0069,2024-02-15 11:03,Item Picking,warehouse_operator,food,outbound,7,A,morning,handheld_scanner,completed,,0,robotic_picking_support,synthetic
ORD-0069,2024-02-15 11:07,Barcode Scan,scan_operator,food,outbound,7,B,morning,handheld_scanner,completed,,0,barcode_ocr_verification,synthetic
ORD-0069,2024-02-15 11:22,Product Sorting,sort_operator,food,outbound,7,C,morning,handheld_scanner,completed,,0,automated_sorting,synthetic
ORD-0069,2024-02-15 11:29,Inspection,inspection_operator,food,outbound,7,D,morning,handheld_scanner,completed,,0,vision_based_inspection,synthetic
ORD-0069,2024-02-15 11:48,Packing,packing_operator,food,outbound,7,E,morning,handheld_scanner,completed,,0,packing_assist,synthetic
ORD-0069,2024-02-15 12:01,Loading Support,loading_support,food,outbound,7,F,morning,handheld_scanner,completed,,0,AMR_AGV_transport,synthetic
ORD-0069,2024-02-15 12:09,Daily Report,admin_operator,food,outbound,7,Admin,morning,handheld_scanner,completed,,0,operational_intelligence_report,synthetic
ORD-0070,2024-01-31 15:42,Pick List Received,admin_operator,household_goods,outbound,13,Admin,afternoon,handheld_scanner,completed,,0,workflow_dashboard,synthetic
ORD-0070,2024-01-31 15:48,Location Search,warehouse_operator,household_goods,outbound,13,A,afternoon,handheld_scanner,completed,,0,AMR_route_support,synthetic
ORD-0070,2024-01-31 15:56,Item Picking,warehouse_operator,household_goods,outbound,13,A,afternoon,handheld_scanner,completed,,0,robotic_picking_support,synthetic
ORD-0070,2024-01-31 16:04,Barcode Scan,scan_operator,household_goods,outbound,13,B,afternoon,handheld_scanner,exception,scan_failure,15,barcode_ocr_verification,synthetic
ORD-0070,2024-01-31 16:22,Exception Review,floor_supervisor,household_goods,outbound,13,Supervisor,afternoon,handheld_scanner,reviewed,scan_failure,8,exception_decision_support,synthetic
ORD-0070,2024-01-31 16:25,Re-scan,scan_operator,household_goods,outbound,13,B,afternoon,handheld_scanner,completed,,0,barcode_ocr_verification,synthetic
ORD-0070,2024-01-31 16:36,Product Sorting,sort_operator,household_goods,outbound,13,C,afternoon,handheld_scanner,completed,,0,automated_sorting,synthetic
ORD-0070,2024-01-31 16:53,Inspection,inspection_operator,household_goods,outbound,13,D,afternoon,handheld_scanner,completed,,0,vision_based_inspection,synthetic
ORD-0070,2024-01-31 17:12,Packing,packing_operator,household_goods,outbound,13,E,afternoon,handheld_scanner,rework,quantity_mismatch,14,packing_assist,synthetic
ORD-0070,2024-01-31 17:30,Exception Review,floor_supervisor,household_goods,outbound,13,Supervisor,afternoon,handheld_scanner,reviewed,quantity_mismatch,6,exception_decision_support,synthetic
ORD-0070,2024-01-31 17:35,Re-inspection,inspection_operator,household_goods,outbound,13,D,afternoon,handheld_scanner,completed,,0,vision_based_inspection,synthetic
ORD-0070,2024-01-31 17:44,Loading Support,loading_support,household_goods,outbound,13,F,afternoon,handheld_scanner,completed,,0,AMR_AGV_transport,synthetic
ORD-0070,2024-01-31 17:51,Daily Report,admin_operator,household_goods,outbound,13,Admin,afternoon,handheld_scanner,completed,,0,operational_intelligence_report,synthetic
ORD-0071,2024-01-26 22:12,Pick List Received,admin_operator,household_goods,outbound,30,Admin,night,handheld_scanner,completed,,0,workflow_dashboard,synthetic
ORD-0071,2024-01-26 22:19,Location Search,warehouse_operator,household_goods,outbound,30,A,night,handheld_scanner,completed,,0,AMR_route_support,synthetic
ORD-0071,2024-01-26 22:44,Item Picking,warehouse_operator,household_goods,outbound,30,A,night,handheld_scanner,completed,,0,robotic_picking_support,synthetic
ORD-0071,2024-01-26 22:45,Barcode Scan,scan_operator,household_goods,outbound,30,B,night,handheld_scanner,exception,label_mismatch,11,barcode_ocr_verification,synthetic
ORD-0071,2024-01-26 23:10,Exception Review,floor_supervisor,household_goods,outbound,30,Supervisor,night,handheld_scanner,reviewed,label_mismatch,9,exception_decision_support,synthetic
ORD-0071,2024-01-26 23:14,Re-scan,scan_operator,household_goods,outbound,30,B,night,handheld_scanner,completed,,0,barcode_ocr_verification,synthetic
ORD-0071,2024-01-26 23:30,Product Sorting,sort_operator,household_goods,outbound,30,C,night,handheld_scanner,completed,,0,automated_sorting,synthetic
ORD-0071,2024-01-26 23:45,Inspection,inspection_operator,household_goods,outbound,30,D,night,handheld_scanner,rework,label_mismatch,17,vision_based_inspection,synthetic
ORD-0071,2024-01-26 23:57,Exception Review,floor_supervisor,household_goods,outbound,30,Supervisor,night,handheld_scanner,reviewed,label_mismatch,8,exception_decision_support,synthetic
ORD-0071,2024-01-27 00:00,Re-scan,scan_operator,household_goods,outbound,30,B,night,handheld_scanner,completed,,0,barcode_ocr_verification,synthetic
ORD-0071,2024-01-27 00:08,Packing,packing_operator,household_goods,outbound,30,E,night,handheld_scanner,rework,damaged_packaging,12,packing_assist,synthetic
ORD-0071,2024-01-27 00:32,Exception Review,floor_supervisor,household_goods,outbound,30,Supervisor,night,handheld_scanner,reviewed,damaged_packaging,15,exception_decision_support,synthetic
ORD-0071,2024-01-27 00:42,Repacking,packing_operator,household_goods,outbound,30,E,night,handheld_scanner,completed,,0,packing_assist,synthetic
ORD-0071,2024-01-27 01:08,Loading Support,loading_support,household_goods,outbound,30,F,night,handheld_scanner,completed,,0,AMR_AGV_transport,synthetic
ORD-0071,2024-01-27 01:15,Daily Report,admin_operator,household_goods,outbound,30,Admin,night,handheld_scanner,completed,,0,operational_intelligence_report,synthetic
ORD-0072,2024-02-23 15:18,Pick List Received,admin_operator,mixed_goods,outbound,11,Admin,afternoon,fixed_scanner,completed,,0,workflow_dashboard,synthetic
ORD-0072,2024-02-23 15:23,Location Search,warehouse_operator,mixed_goods,outbound,11,A,afternoon,fixed_scanner,completed,,0,AMR_route_support,synthetic
ORD-0072,2024-02-23 15:28,Item Picking,warehouse_operator,mixed_goods,outbound,11,A,afternoon,fixed_scanner,completed,,0,robotic_picking_support,synthetic
ORD-0072,2024-02-23 15:31,Barcode Scan,scan_operator,mixed_goods,outbound,11,B,afternoon,fixed_scanner,rework,scan_failure,11,barcode_ocr_verification,synthetic
ORD-0072,2024-02-23 15:39,Exception Review,floor_supervisor,mixed_goods,outbound,11,Supervisor,afternoon,fixed_scanner,reviewed,scan_failure,3,exception_decision_support,synthetic
ORD-0072,2024-02-23 15:40,Re-scan,scan_operator,mixed_goods,outbound,11,B,afternoon,fixed_scanner,completed,,0,barcode_ocr_verification,synthetic
ORD-0072,2024-02-23 15:46,Product Sorting,sort_operator,mixed_goods,outbound,11,C,afternoon,fixed_scanner,exception,station_congestion,50,automated_sorting,synthetic
ORD-0072,2024-02-23 16:02,Inspection,inspection_operator,mixed_goods,outbound,11,D,afternoon,fixed_scanner,completed,,0,vision_based_inspection,synthetic
ORD-0072,2024-02-23 16:22,Packing,packing_operator,mixed_goods,outbound,11,E,afternoon,fixed_scanner,rework,damaged_packaging,16,packing_assist,synthetic
ORD-0072,2024-02-23 16:30,Exception Review,floor_supervisor,mixed_goods,outbound,11,Supervisor,afternoon,fixed_scanner,reviewed,damaged_packaging,20,exception_decision_support,synthetic
ORD-0072,2024-02-23 16:37,Repacking,packing_operator,mixed_goods,outbound,11,E,afternoon,fixed_scanner,completed,,0,packing_assist,synthetic
ORD-0072,2024-02-23 17:01,Loading Support,loading_support,mixed_goods,outbound,11,F,afternoon,fixed_scanner,exception,missing_item,25,AMR_AGV_transport,synthetic
ORD-0072,2024-02-23 17:12,Exception Review,floor_supervisor,mixed_goods,outbound,11,Supervisor,afternoon,fixed_scanner,reviewed,missing_item,20,exception_decision_support,synthetic
ORD-0072,2024-02-23 17:20,Re-inspection,inspection_operator,mixed_goods,outbound,11,D,afternoon,fixed_scanner,completed,,0,vision_based_inspection,synthetic
ORD-0072,2024-02-23 17:25,Daily Report,admin_operator,mixed_goods,outbound,11,Admin,afternoon,fixed_scanner,completed,,0,operational_intelligence_report,synthetic
ORD-0073,2024-01-14 22:13,Pick List Received,admin_operator,apparel,outbound,32,Admin,night,handheld_scanner,completed,,0,workflow_dashboard,synthetic
ORD-0073,2024-01-14 22:22,Location Search,warehouse_operator,apparel,outbound,32,A,night,handheld_scanner,completed,,0,AMR_route_support,synthetic
ORD-0073,2024-01-14 22:36,Item Picking,warehouse_operator,apparel,outbound,32,A,night,handheld_scanner,completed,,0,robotic_picking_support,synthetic
ORD-0073,2024-01-14 22:41,Barcode Scan,scan_operator,apparel,outbound,32,B,night,handheld_scanner,exception,wrong_location,21,barcode_ocr_verification,synthetic
ORD-0073,2024-01-14 22:47,Product Sorting,sort_operator,apparel,outbound,32,C,night,handheld_scanner,completed,,0,automated_sorting,synthetic
ORD-0073,2024-01-14 22:51,Inspection,inspection_operator,apparel,outbound,32,D,night,handheld_scanner,exception,label_mismatch,11,vision_based_inspection,synthetic
ORD-0073,2024-01-14 23:07,Exception Review,floor_supervisor,apparel,outbound,32,Supervisor,night,handheld_scanner,reviewed,label_mismatch,8,exception_decision_support,synthetic
ORD-0073,2024-01-14 23:09,Re-scan,scan_operator,apparel,outbound,32,B,night,handheld_scanner,completed,,0,barcode_ocr_verification,synthetic
ORD-0073,2024-01-14 23:16,Packing,packing_operator,apparel,outbound,32,E,night,handheld_scanner,rework,station_congestion,20,packing_assist,synthetic
ORD-0073,2024-01-14 23:43,Loading Support,loading_support,apparel,outbound,32,F,night,handheld_scanner,completed,,0,AMR_AGV_transport,synthetic
ORD-0073,2024-01-14 23:47,Daily Report,admin_operator,apparel,outbound,32,Admin,night,handheld_scanner,completed,,0,operational_intelligence_report,synthetic
ORD-0074,2024-02-20 14:04,Pick List Received,admin_operator,apparel,transfer,29,Admin,afternoon,handheld_scanner,completed,,0,workflow_dashboard,synthetic
ORD-0074,2024-02-20 14:07,Location Search,warehouse_operator,apparel,transfer,29,A,afternoon,handheld_scanner,completed,,0,AMR_route_support,synthetic
ORD-0074,2024-02-20 14:25,Item Picking,warehouse_operator,apparel,transfer,29,A,afternoon,handheld_scanner,completed,,0,robotic_picking_support,synthetic
ORD-0074,2024-02-20 14:33,Barcode Scan,scan_operator,apparel,transfer,29,B,afternoon,handheld_scanner,exception,label_mismatch,16,barcode_ocr_verification,synthetic
ORD-0074,2024-02-20 14:54,Exception Review,floor_supervisor,apparel,transfer,29,Supervisor,afternoon,handheld_scanner,reviewed,label_mismatch,11,exception_decision_support,synthetic
ORD-0074,2024-02-20 15:00,Re-scan,scan_operator,apparel,transfer,29,B,afternoon,handheld_scanner,completed,,0,barcode_ocr_verification,synthetic
ORD-0074,2024-02-20 15:06,Product Sorting,sort_operator,apparel,transfer,29,C,afternoon,handheld_scanner,rework,station_congestion,49,automated_sorting,synthetic
ORD-0074,2024-02-20 15:14,Inspection,inspection_operator,apparel,transfer,29,D,afternoon,handheld_scanner,rework,station_congestion,30,vision_based_inspection,synthetic
ORD-0074,2024-02-20 15:26,Packing,packing_operator,apparel,transfer,29,E,afternoon,handheld_scanner,exception,quantity_mismatch,34,packing_assist,synthetic
ORD-0074,2024-02-20 15:33,Exception Review,floor_supervisor,apparel,transfer,29,Supervisor,afternoon,handheld_scanner,reviewed,quantity_mismatch,20,exception_decision_support,synthetic
ORD-0074,2024-02-20 15:43,Re-inspection,inspection_operator,apparel,transfer,29,D,afternoon,handheld_scanner,completed,,0,vision_based_inspection,synthetic
ORD-0074,2024-02-20 15:58,Loading Support,loading_support,apparel,transfer,29,F,afternoon,handheld_scanner,rework,damaged_packaging,36,AMR_AGV_transport,synthetic
ORD-0074,2024-02-20 16:22,Exception Review,floor_supervisor,apparel,transfer,29,Supervisor,afternoon,handheld_scanner,reviewed,damaged_packaging,14,exception_decision_support,synthetic
ORD-0074,2024-02-20 16:40,Repacking,packing_operator,apparel,transfer,29,E,afternoon,handheld_scanner,completed,,0,packing_assist,synthetic
ORD-0074,2024-02-20 16:50,Daily Report,admin_operator,apparel,transfer,29,Admin,afternoon,handheld_scanner,completed,,0,operational_intelligence_report,synthetic
ORD-0075,2024-01-09 10:09,Pick List Received,admin_operator,food,outbound,22,Admin,morning,handheld_scanner,completed,,0,workflow_dashboard,synthetic
ORD-0075,2024-01-09 10:16,Location Search,warehouse_operator,food,outbound,22,A,morning,handheld_scanner,completed,,0,AMR_route_support,synthetic
ORD-0075,2024-01-09 10:35,Item Picking,warehouse_operator,food,outbound,22,A,morning,handheld_scanner,completed,,0,robotic_picking_support,synthetic
ORD-0075,2024-01-09 10:37,Barcode Scan,scan_operator,food,outbound,22,B,morning,handheld_scanner,rework,label_mismatch,6,barcode_ocr_verification,synthetic
ORD-0075,2024-01-09 10:43,Exception Review,floor_supervisor,food,outbound,22,Supervisor,morning,handheld_scanner,reviewed,label_mismatch,5,exception_decision_support,synthetic
ORD-0075,2024-01-09 10:47,Re-scan,scan_operator,food,outbound,22,B,morning,handheld_scanner,completed,,0,barcode_ocr_verification,synthetic
ORD-0075,2024-01-09 10:54,Product Sorting,sort_operator,food,outbound,22,C,morning,handheld_scanner,completed,,0,automated_sorting,synthetic
ORD-0075,2024-01-09 11:10,Inspection,inspection_operator,food,outbound,22,D,morning,handheld_scanner,rework,quantity_mismatch,35,vision_based_inspection,synthetic
ORD-0075,2024-01-09 11:18,Exception Review,floor_supervisor,food,outbound,22,Supervisor,morning,handheld_scanner,reviewed,quantity_mismatch,18,exception_decision_support,synthetic
ORD-0075,2024-01-09 11:21,Re-inspection,inspection_operator,food,outbound,22,D,morning,handheld_scanner,completed,,0,vision_based_inspection,synthetic
ORD-0075,2024-01-09 11:43,Packing,packing_operator,food,outbound,22,E,morning,handheld_scanner,rework,damaged_packaging,42,packing_assist,synthetic
ORD-0075,2024-01-09 12:05,Exception Review,floor_supervisor,food,outbound,22,Supervisor,morning,handheld_scanner,reviewed,damaged_packaging,18,exception_decision_support,synthetic
ORD-0075,2024-01-09 12:22,Repacking,packing_operator,food,outbound,22,E,morning,handheld_scanner,completed,,0,packing_assist,synthetic
ORD-0075,2024-01-09 12:45,Loading Support,loading_support,food,outbound,22,F,morning,handheld_scanner,completed,,0,AMR_AGV_transport,synthetic
ORD-0075,2024-01-09 12:55,Daily Report,admin_operator,food,outbound,22,Admin,morning,handheld_scanner,completed,,0,operational_intelligence_report,synthetic
ORD-0076,2024-01-19 17:06,Pick List Received,admin_operator,cosmetics,transfer,12,Admin,afternoon,pda_terminal,completed,,0,workflow_dashboard,synthetic
ORD-0076,2024-01-19 17:14,Location Search,warehouse_operator,cosmetics,transfer,12,A,afternoon,pda_terminal,completed,,0,AMR_route_support,synthetic
ORD-0076,2024-01-19 17:38,Item Picking,warehouse_operator,cosmetics,transfer,12,A,afternoon,pda_terminal,completed,,0,robotic_picking_support,synthetic
ORD-0076,2024-01-19 17:42,Barcode Scan,scan_operator,cosmetics,transfer,12,B,afternoon,pda_terminal,rework,scan_failure,12,barcode_ocr_verification,synthetic
ORD-0076,2024-01-19 17:56,Exception Review,floor_supervisor,cosmetics,transfer,12,Supervisor,afternoon,pda_terminal,reviewed,scan_failure,11,exception_decision_support,synthetic
ORD-0076,2024-01-19 17:59,Re-scan,scan_operator,cosmetics,transfer,12,B,afternoon,pda_terminal,completed,,0,barcode_ocr_verification,synthetic
ORD-0076,2024-01-19 18:08,Product Sorting,sort_operator,cosmetics,transfer,12,C,afternoon,pda_terminal,rework,damaged_packaging,18,automated_sorting,synthetic
ORD-0076,2024-01-19 18:33,Exception Review,floor_supervisor,cosmetics,transfer,12,Supervisor,afternoon,pda_terminal,reviewed,damaged_packaging,15,exception_decision_support,synthetic
ORD-0076,2024-01-19 18:48,Repacking,packing_operator,cosmetics,transfer,12,E,afternoon,pda_terminal,completed,,0,packing_assist,synthetic
ORD-0076,2024-01-19 18:54,Inspection,inspection_operator,cosmetics,transfer,12,D,afternoon,pda_terminal,completed,,0,vision_based_inspection,synthetic
ORD-0076,2024-01-19 19:15,Packing,packing_operator,cosmetics,transfer,12,E,afternoon,pda_terminal,rework,temperature_hold,33,packing_assist,synthetic
ORD-0076,2024-01-19 19:20,Loading Support,loading_support,cosmetics,transfer,12,F,afternoon,pda_terminal,exception,safety_delay,24,AMR_AGV_transport,synthetic
ORD-0076,2024-01-19 19:26,Daily Report,admin_operator,cosmetics,transfer,12,Admin,afternoon,pda_terminal,completed,,0,operational_intelligence_report,synthetic
ORD-0077,2024-01-31 12:15,Pick List Received,admin_operator,apparel,outbound,29,Admin,morning,handheld_scanner,completed,,0,workflow_dashboard,synthetic
ORD-0077,2024-01-31 12:23,Location Search,warehouse_operator,apparel,outbound,29,A,morning,handheld_scanner,completed,,0,AMR_route_support,synthetic
ORD-0077,2024-01-31 12:40,Item Picking,warehouse_operator,apparel,outbound,29,A,morning,handheld_scanner,completed,,0,robotic_picking_support,synthetic
ORD-0077,2024-01-31 12:47,Barcode Scan,scan_operator,apparel,outbound,29,B,morning,handheld_scanner,completed,,0,barcode_ocr_verification,synthetic
ORD-0077,2024-01-31 13:00,Product Sorting,sort_operator,apparel,outbound,29,C,morning,handheld_scanner,completed,,0,automated_sorting,synthetic
ORD-0077,2024-01-31 13:04,Inspection,inspection_operator,apparel,outbound,29,D,morning,handheld_scanner,exception,label_mismatch,20,vision_based_inspection,synthetic
ORD-0077,2024-01-31 13:15,Exception Review,floor_supervisor,apparel,outbound,29,Supervisor,morning,handheld_scanner,reviewed,label_mismatch,7,exception_decision_support,synthetic
ORD-0077,2024-01-31 13:19,Re-scan,scan_operator,apparel,outbound,29,B,morning,handheld_scanner,completed,,0,barcode_ocr_verification,synthetic
ORD-0077,2024-01-31 13:28,Packing,packing_operator,apparel,outbound,29,E,morning,handheld_scanner,completed,,0,packing_assist,synthetic
ORD-0077,2024-01-31 13:35,Loading Support,loading_support,apparel,outbound,29,F,morning,handheld_scanner,exception,missing_item,32,AMR_AGV_transport,synthetic
ORD-0077,2024-01-31 13:45,Exception Review,floor_supervisor,apparel,outbound,29,Supervisor,morning,handheld_scanner,reviewed,missing_item,13,exception_decision_support,synthetic
ORD-0077,2024-01-31 13:48,Re-inspection,inspection_operator,apparel,outbound,29,D,morning,handheld_scanner,completed,,0,vision_based_inspection,synthetic
ORD-0077,2024-01-31 13:55,Daily Report,admin_operator,apparel,outbound,29,Admin,morning,handheld_scanner,completed,,0,operational_intelligence_report,synthetic
ORD-0078,2024-02-10 12:23,Pick List Received,admin_operator,household_goods,transfer,21,Admin,morning,pda_terminal,completed,,0,workflow_dashboard,synthetic
ORD-0078,2024-02-10 12:33,Location Search,warehouse_operator,household_goods,transfer,21,A,morning,pda_terminal,completed,,0,AMR_route_support,synthetic
ORD-0078,2024-02-10 12:45,Item Picking,warehouse_operator,household_goods,transfer,21,A,morning,pda_terminal,completed,,0,robotic_picking_support,synthetic
ORD-0078,2024-02-10 12:48,Barcode Scan,scan_operator,household_goods,transfer,21,B,morning,pda_terminal,rework,station_congestion,32,barcode_ocr_verification,synthetic
ORD-0078,2024-02-10 13:01,Product Sorting,sort_operator,household_goods,transfer,21,C,morning,pda_terminal,exception,wrong_location,13,automated_sorting,synthetic
ORD-0078,2024-02-10 13:11,Inspection,inspection_operator,household_goods,transfer,21,D,morning,pda_terminal,completed,,0,vision_based_inspection,synthetic
ORD-0078,2024-02-10 13:25,Packing,packing_operator,household_goods,transfer,21,E,morning,pda_terminal,rework,station_congestion,11,packing_assist,synthetic
ORD-0078,2024-02-10 13:46,Loading Support,loading_support,household_goods,transfer,21,F,morning,pda_terminal,completed,,0,AMR_AGV_transport,synthetic
ORD-0078,2024-02-10 13:55,Daily Report,admin_operator,household_goods,transfer,21,Admin,morning,pda_terminal,completed,,0,operational_intelligence_report,synthetic
ORD-0079,2024-01-15 13:45,Pick List Received,admin_operator,household_goods,outbound,21,Admin,afternoon,handheld_scanner,completed,,0,workflow_dashboard,synthetic
ORD-0079,2024-01-15 13:53,Location Search,warehouse_operator,household_goods,outbound,21,A,afternoon,handheld_scanner,completed,,0,AMR_route_support,synthetic
ORD-0079,2024-01-15 14:01,Item Picking,warehouse_operator,household_goods,outbound,21,A,afternoon,handheld_scanner,completed,,0,robotic_picking_support,synthetic
ORD-0079,2024-01-15 14:05,Barcode Scan,scan_operator,household_goods,outbound,21,B,afternoon,handheld_scanner,rework,station_congestion,19,barcode_ocr_verification,synthetic
ORD-0079,2024-01-15 14:18,Product Sorting,sort_operator,household_goods,outbound,21,C,afternoon,handheld_scanner,exception,label_mismatch,11,automated_sorting,synthetic
ORD-0079,2024-01-15 14:35,Exception Review,floor_supervisor,household_goods,outbound,21,Supervisor,afternoon,handheld_scanner,reviewed,label_mismatch,10,exception_decision_support,synthetic
ORD-0079,2024-01-15 14:41,Re-scan,scan_operator,household_goods,outbound,21,B,afternoon,handheld_scanner,completed,,0,barcode_ocr_verification,synthetic
ORD-0079,2024-01-15 14:56,Inspection,inspection_operator,household_goods,outbound,21,D,afternoon,handheld_scanner,exception,missing_item,52,vision_based_inspection,synthetic
ORD-0079,2024-01-15 15:12,Exception Review,floor_supervisor,household_goods,outbound,21,Supervisor,afternoon,handheld_scanner,reviewed,missing_item,8,exception_decision_support,synthetic
ORD-0079,2024-01-15 15:19,Re-inspection,inspection_operator,household_goods,outbound,21,D,afternoon,handheld_scanner,completed,,0,vision_based_inspection,synthetic
ORD-0079,2024-01-15 15:32,Packing,packing_operator,household_goods,outbound,21,E,afternoon,handheld_scanner,completed,,0,packing_assist,synthetic
ORD-0079,2024-01-15 15:46,Loading Support,loading_support,household_goods,outbound,21,F,afternoon,handheld_scanner,completed,,0,AMR_AGV_transport,synthetic
ORD-0079,2024-01-15 15:55,Daily Report,admin_operator,household_goods,outbound,21,Admin,afternoon,handheld_scanner,completed,,0,operational_intelligence_report,synthetic
ORD-0080,2024-01-20 11:52,Pick List Received,admin_operator,household_goods,return,11,Admin,morning,handheld_scanner,completed,,0,workflow_dashboard,synthetic
ORD-0080,2024-01-20 11:54,Location Search,warehouse_operator,household_goods,return,11,A,morning,handheld_scanner,completed,,0,AMR_route_support,synthetic
ORD-0080,2024-01-20 12:16,Item Picking,warehouse_operator,household_goods,return,11,A,morning,handheld_scanner,completed,,0,robotic_picking_support,synthetic
ORD-0080,2024-01-20 12:19,Barcode Scan,scan_operator,household_goods,return,11,B,morning,handheld_scanner,exception,scan_failure,13,barcode_ocr_verification,synthetic
ORD-0080,2024-01-20 12:44,Exception Review,floor_supervisor,household_goods,return,11,Supervisor,morning,handheld_scanner,reviewed,scan_failure,11,exception_decision_support,synthetic
ORD-0080,2024-01-20 12:46,Re-scan,scan_operator,household_goods,return,11,B,morning,handheld_scanner,completed,,0,barcode_ocr_verification,synthetic
ORD-0080,2024-01-20 12:54,Product Sorting,sort_operator,household_goods,return,11,C,morning,handheld_scanner,rework,quantity_mismatch,11,automated_sorting,synthetic
ORD-0080,2024-01-20 13:13,Exception Review,floor_supervisor,household_goods,return,11,Supervisor,morning,handheld_scanner,reviewed,quantity_mismatch,7,exception_decision_support,synthetic
ORD-0080,2024-01-20 13:20,Re-inspection,inspection_operator,household_goods,return,11,D,morning,handheld_scanner,completed,,0,vision_based_inspection,synthetic
ORD-0080,2024-01-20 13:25,Inspection,inspection_operator,household_goods,return,11,D,morning,handheld_scanner,exception,damaged_packaging,18,vision_based_inspection,synthetic
ORD-0080,2024-01-20 13:49,Exception Review,floor_supervisor,household_goods,return,11,Supervisor,morning,handheld_scanner,reviewed,damaged_packaging,7,exception_decision_support,synthetic
ORD-0080,2024-01-20 14:07,Repacking,packing_operator,household_goods,return,11,E,morning,handheld_scanner,completed,,0,packing_assist,synthetic
ORD-0080,2024-01-20 14:17,Packing,packing_operator,household_goods,return,11,E,morning,handheld_scanner,rework,wrong_location,28,packing_assist,synthetic
ORD-0080,2024-01-20 14:35,Loading Support,loading_support,household_goods,return,11,F,morning,handheld_scanner,exception,missing_item,38,AMR_AGV_transport,synthetic
ORD-0080,2024-01-20 14:55,Exception Review,floor_supervisor,household_goods,return,11,Supervisor,morning,handheld_scanner,reviewed,missing_item,19,exception_decision_support,synthetic
ORD-0080,2024-01-20 15:05,Re-inspection,inspection_operator,household_goods,return,11,D,morning,handheld_scanner,completed,,0,vision_based_inspection,synthetic
ORD-0080,2024-01-20 15:12,Daily Report,admin_operator,household_goods,return,11,Admin,morning,handheld_scanner,completed,,0,operational_intelligence_report,synthetic
ORD-0081,2024-01-20 10:17,Pick List Received,admin_operator,cosmetics,outbound,6,Admin,morning,pda_terminal,completed,,0,workflow_dashboard,synthetic
ORD-0081,2024-01-20 10:19,Location Search,warehouse_operator,cosmetics,outbound,6,A,morning,pda_terminal,completed,,0,AMR_route_support,synthetic
ORD-0081,2024-01-20 10:40,Item Picking,warehouse_operator,cosmetics,outbound,6,A,morning,pda_terminal,completed,,0,robotic_picking_support,synthetic
ORD-0081,2024-01-20 10:41,Barcode Scan,scan_operator,cosmetics,outbound,6,B,morning,pda_terminal,completed,,0,barcode_ocr_verification,synthetic
ORD-0081,2024-01-20 10:56,Product Sorting,sort_operator,cosmetics,outbound,6,C,morning,pda_terminal,completed,,0,automated_sorting,synthetic
ORD-0081,2024-01-20 11:05,Inspection,inspection_operator,cosmetics,outbound,6,D,morning,pda_terminal,completed,,0,vision_based_inspection,synthetic
ORD-0081,2024-01-20 11:26,Packing,packing_operator,cosmetics,outbound,6,E,morning,pda_terminal,rework,damaged_packaging,19,packing_assist,synthetic
ORD-0081,2024-01-20 11:35,Exception Review,floor_supervisor,cosmetics,outbound,6,Supervisor,morning,pda_terminal,reviewed,damaged_packaging,19,exception_decision_support,synthetic
ORD-0081,2024-01-20 11:47,Repacking,packing_operator,cosmetics,outbound,6,E,morning,pda_terminal,completed,,0,packing_assist,synthetic
ORD-0081,2024-01-20 12:08,Loading Support,loading_support,cosmetics,outbound,6,F,morning,pda_terminal,exception,damaged_packaging,20,AMR_AGV_transport,synthetic
ORD-0081,2024-01-20 12:18,Exception Review,floor_supervisor,cosmetics,outbound,6,Supervisor,morning,pda_terminal,reviewed,damaged_packaging,9,exception_decision_support,synthetic
ORD-0081,2024-01-20 12:33,Repacking,packing_operator,cosmetics,outbound,6,E,morning,pda_terminal,completed,,0,packing_assist,synthetic
ORD-0081,2024-01-20 12:42,Daily Report,admin_operator,cosmetics,outbound,6,Admin,morning,pda_terminal,completed,,0,operational_intelligence_report,synthetic
ORD-0082,2024-02-19 14:06,Pick List Received,admin_operator,mixed_goods,outbound,15,Admin,afternoon,handheld_scanner,completed,,0,workflow_dashboard,synthetic
ORD-0082,2024-02-19 14:14,Location Search,warehouse_operator,mixed_goods,outbound,15,A,afternoon,handheld_scanner,completed,,0,AMR_route_support,synthetic
ORD-0082,2024-02-19 14:34,Item Picking,warehouse_operator,mixed_goods,outbound,15,A,afternoon,handheld_scanner,completed,,0,robotic_picking_support,synthetic
ORD-0082,2024-02-19 14:42,Barcode Scan,scan_operator,mixed_goods,outbound,15,B,afternoon,handheld_scanner,completed,,0,barcode_ocr_verification,synthetic
ORD-0082,2024-02-19 14:46,Product Sorting,sort_operator,mixed_goods,outbound,15,C,afternoon,handheld_scanner,completed,,0,automated_sorting,synthetic
ORD-0082,2024-02-19 14:59,Inspection,inspection_operator,mixed_goods,outbound,15,D,afternoon,handheld_scanner,rework,quantity_mismatch,31,vision_based_inspection,synthetic
ORD-0082,2024-02-19 15:24,Exception Review,floor_supervisor,mixed_goods,outbound,15,Supervisor,afternoon,handheld_scanner,reviewed,quantity_mismatch,17,exception_decision_support,synthetic
ORD-0082,2024-02-19 15:32,Re-inspection,inspection_operator,mixed_goods,outbound,15,D,afternoon,handheld_scanner,completed,,0,vision_based_inspection,synthetic
ORD-0082,2024-02-19 15:54,Packing,packing_operator,mixed_goods,outbound,15,E,afternoon,handheld_scanner,completed,,0,packing_assist,synthetic
ORD-0082,2024-02-19 16:01,Loading Support,loading_support,mixed_goods,outbound,15,F,afternoon,handheld_scanner,completed,,0,AMR_AGV_transport,synthetic
ORD-0082,2024-02-19 16:09,Daily Report,admin_operator,mixed_goods,outbound,15,Admin,afternoon,handheld_scanner,completed,,0,operational_intelligence_report,synthetic
ORD-0083,2024-03-04 08:42,Pick List Received,admin_operator,mixed_goods,outbound,23,Admin,morning,handheld_scanner,completed,,0,workflow_dashboard,synthetic
ORD-0083,2024-03-04 08:45,Location Search,warehouse_operator,mixed_goods,outbound,23,A,morning,handheld_scanner,completed,,0,AMR_route_support,synthetic
ORD-0083,2024-03-04 09:06,Item Picking,warehouse_operator,mixed_goods,outbound,23,A,morning,handheld_scanner,completed,,0,robotic_picking_support,synthetic
ORD-0083,2024-03-04 09:11,Barcode Scan,scan_operator,mixed_goods,outbound,23,B,morning,handheld_scanner,exception,scan_failure,14,barcode_ocr_verification,synthetic
ORD-0083,2024-03-04 09:19,Exception Review,floor_supervisor,mixed_goods,outbound,23,Supervisor,morning,handheld_scanner,reviewed,scan_failure,10,exception_decision_support,synthetic
ORD-0083,2024-03-04 09:25,Re-scan,scan_operator,mixed_goods,outbound,23,B,morning,handheld_scanner,completed,,0,barcode_ocr_verification,synthetic
ORD-0083,2024-03-04 09:43,Product Sorting,sort_operator,mixed_goods,outbound,23,C,morning,handheld_scanner,rework,station_congestion,47,automated_sorting,synthetic
ORD-0083,2024-03-04 10:02,Inspection,inspection_operator,mixed_goods,outbound,23,D,morning,handheld_scanner,rework,label_mismatch,7,vision_based_inspection,synthetic
ORD-0083,2024-03-04 10:16,Exception Review,floor_supervisor,mixed_goods,outbound,23,Supervisor,morning,handheld_scanner,reviewed,label_mismatch,4,exception_decision_support,synthetic
ORD-0083,2024-03-04 10:18,Re-scan,scan_operator,mixed_goods,outbound,23,B,morning,handheld_scanner,completed,,0,barcode_ocr_verification,synthetic
ORD-0083,2024-03-04 10:36,Packing,packing_operator,mixed_goods,outbound,23,E,morning,handheld_scanner,completed,,0,packing_assist,synthetic
ORD-0083,2024-03-04 10:56,Loading Support,loading_support,mixed_goods,outbound,23,F,morning,handheld_scanner,completed,,0,AMR_AGV_transport,synthetic
ORD-0083,2024-03-04 11:00,Daily Report,admin_operator,mixed_goods,outbound,23,Admin,morning,handheld_scanner,completed,,0,operational_intelligence_report,synthetic
ORD-0084,2024-03-08 11:00,Pick List Received,admin_operator,apparel,outbound,12,Admin,morning,pda_terminal,completed,,0,workflow_dashboard,synthetic
ORD-0084,2024-03-08 11:05,Location Search,warehouse_operator,apparel,outbound,12,A,morning,pda_terminal,completed,,0,AMR_route_support,synthetic
ORD-0084,2024-03-08 11:22,Item Picking,warehouse_operator,apparel,outbound,12,A,morning,pda_terminal,completed,,0,robotic_picking_support,synthetic
ORD-0084,2024-03-08 11:29,Barcode Scan,scan_operator,apparel,outbound,12,B,morning,pda_terminal,exception,scan_failure,18,barcode_ocr_verification,synthetic
ORD-0084,2024-03-08 11:49,Exception Review,floor_supervisor,apparel,outbound,12,Supervisor,morning,pda_terminal,reviewed,scan_failure,12,exception_decision_support,synthetic
ORD-0084,2024-03-08 11:54,Re-scan,scan_operator,apparel,outbound,12,B,morning,pda_terminal,completed,,0,barcode_ocr_verification,synthetic
ORD-0084,2024-03-08 11:58,Product Sorting,sort_operator,apparel,outbound,12,C,morning,pda_terminal,completed,,0,automated_sorting,synthetic
ORD-0084,2024-03-08 12:18,Inspection,inspection_operator,apparel,outbound,12,D,morning,pda_terminal,exception,station_congestion,37,vision_based_inspection,synthetic
ORD-0084,2024-03-08 12:33,Packing,packing_operator,apparel,outbound,12,E,morning,pda_terminal,completed,,0,packing_assist,synthetic
ORD-0084,2024-03-08 13:00,Loading Support,loading_support,apparel,outbound,12,F,morning,pda_terminal,completed,,0,AMR_AGV_transport,synthetic
ORD-0084,2024-03-08 13:05,Daily Report,admin_operator,apparel,outbound,12,Admin,morning,pda_terminal,completed,,0,operational_intelligence_report,synthetic
ORD-0085,2024-01-15 15:02,Pick List Received,admin_operator,mixed_goods,outbound,23,Admin,afternoon,pda_terminal,completed,,0,workflow_dashboard,synthetic
ORD-0085,2024-01-15 15:05,Location Search,warehouse_operator,mixed_goods,outbound,23,A,afternoon,pda_terminal,completed,,0,AMR_route_support,synthetic
ORD-0085,2024-01-15 15:19,Item Picking,warehouse_operator,mixed_goods,outbound,23,A,afternoon,pda_terminal,completed,,0,robotic_picking_support,synthetic
ORD-0085,2024-01-15 15:26,Barcode Scan,scan_operator,mixed_goods,outbound,23,B,afternoon,pda_terminal,exception,scan_failure,14,barcode_ocr_verification,synthetic
ORD-0085,2024-01-15 15:41,Exception Review,floor_supervisor,mixed_goods,outbound,23,Supervisor,afternoon,pda_terminal,reviewed,scan_failure,9,exception_decision_support,synthetic
ORD-0085,2024-01-15 15:44,Re-scan,scan_operator,mixed_goods,outbound,23,B,afternoon,pda_terminal,completed,,0,barcode_ocr_verification,synthetic
ORD-0085,2024-01-15 15:50,Product Sorting,sort_operator,mixed_goods,outbound,23,C,afternoon,pda_terminal,rework,quantity_mismatch,35,automated_sorting,synthetic
ORD-0085,2024-01-15 16:07,Exception Review,floor_supervisor,mixed_goods,outbound,23,Supervisor,afternoon,pda_terminal,reviewed,quantity_mismatch,11,exception_decision_support,synthetic
ORD-0085,2024-01-15 16:16,Re-inspection,inspection_operator,mixed_goods,outbound,23,D,afternoon,pda_terminal,completed,,0,vision_based_inspection,synthetic
ORD-0085,2024-01-15 16:36,Inspection,inspection_operator,mixed_goods,outbound,23,D,afternoon,pda_terminal,completed,,0,vision_based_inspection,synthetic
ORD-0085,2024-01-15 16:55,Packing,packing_operator,mixed_goods,outbound,23,E,afternoon,pda_terminal,rework,damaged_packaging,32,packing_assist,synthetic
ORD-0085,2024-01-15 17:03,Exception Review,floor_supervisor,mixed_goods,outbound,23,Supervisor,afternoon,pda_terminal,reviewed,damaged_packaging,12,exception_decision_support,synthetic
ORD-0085,2024-01-15 17:14,Repacking,packing_operator,mixed_goods,outbound,23,E,afternoon,pda_terminal,completed,,0,packing_assist,synthetic
ORD-0085,2024-01-15 17:44,Loading Support,loading_support,mixed_goods,outbound,23,F,afternoon,pda_terminal,completed,,0,AMR_AGV_transport,synthetic
ORD-0085,2024-01-15 17:48,Daily Report,admin_operator,mixed_goods,outbound,23,Admin,afternoon,pda_terminal,completed,,0,operational_intelligence_report,synthetic
ORD-0086,2024-01-09 16:37,Pick List Received,admin_operator,apparel,outbound,36,Admin,afternoon,pda_terminal,completed,,0,workflow_dashboard,synthetic
ORD-0086,2024-01-09 16:46,Location Search,warehouse_operator,apparel,outbound,36,A,afternoon,pda_terminal,completed,,0,AMR_route_support,synthetic
ORD-0086,2024-01-09 17:10,Item Picking,warehouse_operator,apparel,outbound,36,A,afternoon,pda_terminal,completed,,0,robotic_picking_support,synthetic
ORD-0086,2024-01-09 17:17,Barcode Scan,scan_operator,apparel,outbound,36,B,afternoon,pda_terminal,exception,label_mismatch,17,barcode_ocr_verification,synthetic
ORD-0086,2024-01-09 17:31,Exception Review,floor_supervisor,apparel,outbound,36,Supervisor,afternoon,pda_terminal,reviewed,label_mismatch,12,exception_decision_support,synthetic
ORD-0086,2024-01-09 17:32,Re-scan,scan_operator,apparel,outbound,36,B,afternoon,pda_terminal,completed,,0,barcode_ocr_verification,synthetic
ORD-0086,2024-01-09 17:40,Product Sorting,sort_operator,apparel,outbound,36,C,afternoon,pda_terminal,completed,,0,automated_sorting,synthetic
ORD-0086,2024-01-09 17:57,Inspection,inspection_operator,apparel,outbound,36,D,afternoon,pda_terminal,rework,label_mismatch,22,vision_based_inspection,synthetic
ORD-0086,2024-01-09 18:21,Exception Review,floor_supervisor,apparel,outbound,36,Supervisor,afternoon,pda_terminal,reviewed,label_mismatch,5,exception_decision_support,synthetic
ORD-0086,2024-01-09 18:27,Re-scan,scan_operator,apparel,outbound,36,B,afternoon,pda_terminal,completed,,0,barcode_ocr_verification,synthetic
ORD-0086,2024-01-09 18:32,Packing,packing_operator,apparel,outbound,36,E,afternoon,pda_terminal,rework,station_congestion,35,packing_assist,synthetic
ORD-0086,2024-01-09 18:53,Loading Support,loading_support,apparel,outbound,36,F,afternoon,pda_terminal,rework,label_mismatch,8,AMR_AGV_transport,synthetic
ORD-0086,2024-01-09 19:05,Exception Review,floor_supervisor,apparel,outbound,36,Supervisor,afternoon,pda_terminal,reviewed,label_mismatch,12,exception_decision_support,synthetic
ORD-0086,2024-01-09 19:07,Re-scan,scan_operator,apparel,outbound,36,B,afternoon,pda_terminal,completed,,0,barcode_ocr_verification,synthetic
ORD-0086,2024-01-09 19:16,Daily Report,admin_operator,apparel,outbound,36,Admin,afternoon,pda_terminal,completed,,0,operational_intelligence_report,synthetic
ORD-0087,2024-01-12 11:05,Pick List Received,admin_operator,mixed_goods,outbound,27,Admin,morning,handheld_scanner,completed,,0,workflow_dashboard,synthetic
ORD-0087,2024-01-12 11:15,Location Search,warehouse_operator,mixed_goods,outbound,27,A,morning,handheld_scanner,completed,,0,AMR_route_support,synthetic
ORD-0087,2024-01-12 11:38,Item Picking,warehouse_operator,mixed_goods,outbound,27,A,morning,handheld_scanner,completed,,0,robotic_picking_support,synthetic
ORD-0087,2024-01-12 11:43,Barcode Scan,scan_operator,mixed_goods,outbound,27,B,morning,handheld_scanner,completed,,0,barcode_ocr_verification,synthetic
ORD-0087,2024-01-12 11:58,Product Sorting,sort_operator,mixed_goods,outbound,27,C,morning,handheld_scanner,completed,,0,automated_sorting,synthetic
ORD-0087,2024-01-12 12:08,Inspection,inspection_operator,mixed_goods,outbound,27,D,morning,handheld_scanner,completed,,0,vision_based_inspection,synthetic
ORD-0087,2024-01-12 12:26,Packing,packing_operator,mixed_goods,outbound,27,E,morning,handheld_scanner,completed,,0,packing_assist,synthetic
ORD-0087,2024-01-12 12:49,Loading Support,loading_support,mixed_goods,outbound,27,F,morning,handheld_scanner,completed,,0,AMR_AGV_transport,synthetic
ORD-0087,2024-01-12 12:58,Daily Report,admin_operator,mixed_goods,outbound,27,Admin,morning,handheld_scanner,completed,,0,operational_intelligence_report,synthetic
ORD-0088,2024-02-01 17:04,Pick List Received,admin_operator,apparel,outbound,15,Admin,afternoon,pda_terminal,completed,,0,workflow_dashboard,synthetic
ORD-0088,2024-02-01 17:10,Location Search,warehouse_operator,apparel,outbound,15,A,afternoon,pda_terminal,completed,,0,AMR_route_support,synthetic
ORD-0088,2024-02-01 17:22,Item Picking,warehouse_operator,apparel,outbound,15,A,afternoon,pda_terminal,completed,,0,robotic_picking_support,synthetic
ORD-0088,2024-02-01 17:27,Barcode Scan,scan_operator,apparel,outbound,15,B,afternoon,pda_terminal,rework,label_mismatch,16,barcode_ocr_verification,synthetic
ORD-0088,2024-02-01 17:37,Exception Review,floor_supervisor,apparel,outbound,15,Supervisor,afternoon,pda_terminal,reviewed,label_mismatch,6,exception_decision_support,synthetic
ORD-0088,2024-02-01 17:41,Re-scan,scan_operator,apparel,outbound,15,B,afternoon,pda_terminal,completed,,0,barcode_ocr_verification,synthetic
ORD-0088,2024-02-01 17:50,Product Sorting,sort_operator,apparel,outbound,15,C,afternoon,pda_terminal,exception,damaged_packaging,22,automated_sorting,synthetic
ORD-0088,2024-02-01 17:58,Exception Review,floor_supervisor,apparel,outbound,15,Supervisor,afternoon,pda_terminal,reviewed,damaged_packaging,8,exception_decision_support,synthetic
ORD-0088,2024-02-01 18:16,Repacking,packing_operator,apparel,outbound,15,E,afternoon,pda_terminal,completed,,0,packing_assist,synthetic
ORD-0088,2024-02-01 18:21,Inspection,inspection_operator,apparel,outbound,15,D,afternoon,pda_terminal,completed,,0,vision_based_inspection,synthetic
ORD-0088,2024-02-01 18:40,Packing,packing_operator,apparel,outbound,15,E,afternoon,pda_terminal,completed,,0,packing_assist,synthetic
ORD-0088,2024-02-01 19:09,Loading Support,loading_support,apparel,outbound,15,F,afternoon,pda_terminal,completed,,0,AMR_AGV_transport,synthetic
ORD-0088,2024-02-01 19:11,Daily Report,admin_operator,apparel,outbound,15,Admin,afternoon,pda_terminal,completed,,0,operational_intelligence_report,synthetic
ORD-0089,2024-03-08 11:20,Pick List Received,admin_operator,cosmetics,outbound,18,Admin,morning,handheld_scanner,completed,,0,workflow_dashboard,synthetic
ORD-0089,2024-03-08 11:22,Location Search,warehouse_operator,cosmetics,outbound,18,A,morning,handheld_scanner,completed,,0,AMR_route_support,synthetic
ORD-0089,2024-03-08 11:43,Item Picking,warehouse_operator,cosmetics,outbound,18,A,morning,handheld_scanner,completed,,0,robotic_picking_support,synthetic
ORD-0089,2024-03-08 11:50,Barcode Scan,scan_operator,cosmetics,outbound,18,B,morning,handheld_scanner,rework,wrong_location,24,barcode_ocr_verification,synthetic
ORD-0089,2024-03-08 11:53,Product Sorting,sort_operator,cosmetics,outbound,18,C,morning,handheld_scanner,exception,label_mismatch,9,automated_sorting,synthetic
ORD-0089,2024-03-08 12:13,Exception Review,floor_supervisor,cosmetics,outbound,18,Supervisor,morning,handheld_scanner,reviewed,label_mismatch,12,exception_decision_support,synthetic
ORD-0089,2024-03-08 12:16,Re-scan,scan_operator,cosmetics,outbound,18,B,morning,handheld_scanner,completed,,0,barcode_ocr_verification,synthetic
ORD-0089,2024-03-08 12:30,Inspection,inspection_operator,cosmetics,outbound,18,D,morning,handheld_scanner,exception,quantity_mismatch,32,vision_based_inspection,synthetic
ORD-0089,2024-03-08 12:53,Exception Review,floor_supervisor,cosmetics,outbound,18,Supervisor,morning,handheld_scanner,reviewed,quantity_mismatch,9,exception_decision_support,synthetic
ORD-0089,2024-03-08 13:05,Re-inspection,inspection_operator,cosmetics,outbound,18,D,morning,handheld_scanner,completed,,0,vision_based_inspection,synthetic
ORD-0089,2024-03-08 13:16,Packing,packing_operator,cosmetics,outbound,18,E,morning,handheld_scanner,completed,,0,packing_assist,synthetic
ORD-0089,2024-03-08 13:44,Loading Support,loading_support,cosmetics,outbound,18,F,morning,handheld_scanner,exception,station_congestion,40,AMR_AGV_transport,synthetic
ORD-0089,2024-03-08 13:48,Daily Report,admin_operator,cosmetics,outbound,18,Admin,morning,handheld_scanner,completed,,0,operational_intelligence_report,synthetic
ORD-0090,2024-02-12 22:06,Pick List Received,admin_operator,household_goods,outbound,34,Admin,night,handheld_scanner,completed,,0,workflow_dashboard,synthetic
ORD-0090,2024-02-12 22:14,Location Search,warehouse_operator,household_goods,outbound,34,A,night,handheld_scanner,completed,,0,AMR_route_support,synthetic
ORD-0090,2024-02-12 22:22,Item Picking,warehouse_operator,household_goods,outbound,34,A,night,handheld_scanner,completed,,0,robotic_picking_support,synthetic
ORD-0090,2024-02-12 22:25,Barcode Scan,scan_operator,household_goods,outbound,34,B,night,handheld_scanner,rework,label_mismatch,21,barcode_ocr_verification,synthetic
ORD-0090,2024-02-12 22:47,Exception Review,floor_supervisor,household_goods,outbound,34,Supervisor,night,handheld_scanner,reviewed,label_mismatch,11,exception_decision_support,synthetic
ORD-0090,2024-02-12 22:50,Re-scan,scan_operator,household_goods,outbound,34,B,night,handheld_scanner,completed,,0,barcode_ocr_verification,synthetic
ORD-0090,2024-02-12 23:04,Product Sorting,sort_operator,household_goods,outbound,34,C,night,handheld_scanner,exception,label_mismatch,12,automated_sorting,synthetic
ORD-0090,2024-02-12 23:24,Exception Review,floor_supervisor,household_goods,outbound,34,Supervisor,night,handheld_scanner,reviewed,label_mismatch,10,exception_decision_support,synthetic
ORD-0090,2024-02-12 23:25,Re-scan,scan_operator,household_goods,outbound,34,B,night,handheld_scanner,completed,,0,barcode_ocr_verification,synthetic
ORD-0090,2024-02-12 23:40,Inspection,inspection_operator,household_goods,outbound,34,D,night,handheld_scanner,completed,,0,vision_based_inspection,synthetic
ORD-0090,2024-02-12 23:58,Packing,packing_operator,household_goods,outbound,34,E,night,handheld_scanner,completed,,0,packing_assist,synthetic
ORD-0090,2024-02-13 00:07,Loading Support,loading_support,household_goods,outbound,34,F,night,handheld_scanner,completed,,0,AMR_AGV_transport,synthetic
ORD-0090,2024-02-13 00:14,Daily Report,admin_operator,household_goods,outbound,34,Admin,night,handheld_scanner,completed,,0,operational_intelligence_report,synthetic
ORD-0091,2024-02-15 10:14,Pick List Received,admin_operator,household_goods,outbound,5,Admin,morning,handheld_scanner,completed,,0,workflow_dashboard,synthetic
ORD-0091,2024-02-15 10:20,Location Search,warehouse_operator,household_goods,outbound,5,A,morning,handheld_scanner,completed,,0,AMR_route_support,synthetic
ORD-0091,2024-02-15 10:44,Item Picking,warehouse_operator,household_goods,outbound,5,A,morning,handheld_scanner,completed,,0,robotic_picking_support,synthetic
ORD-0091,2024-02-15 10:51,Barcode Scan,scan_operator,household_goods,outbound,5,B,morning,handheld_scanner,exception,scan_failure,16,barcode_ocr_verification,synthetic
ORD-0091,2024-02-15 10:56,Exception Review,floor_supervisor,household_goods,outbound,5,Supervisor,morning,handheld_scanner,reviewed,scan_failure,5,exception_decision_support,synthetic
ORD-0091,2024-02-15 11:02,Re-scan,scan_operator,household_goods,outbound,5,B,morning,handheld_scanner,completed,,0,barcode_ocr_verification,synthetic
ORD-0091,2024-02-15 11:12,Product Sorting,sort_operator,household_goods,outbound,5,C,morning,handheld_scanner,completed,,0,automated_sorting,synthetic
ORD-0091,2024-02-15 11:17,Inspection,inspection_operator,household_goods,outbound,5,D,morning,handheld_scanner,exception,damaged_packaging,45,vision_based_inspection,synthetic
ORD-0091,2024-02-15 11:25,Exception Review,floor_supervisor,household_goods,outbound,5,Supervisor,morning,handheld_scanner,reviewed,damaged_packaging,13,exception_decision_support,synthetic
ORD-0091,2024-02-15 11:38,Repacking,packing_operator,household_goods,outbound,5,E,morning,handheld_scanner,completed,,0,packing_assist,synthetic
ORD-0091,2024-02-15 11:46,Packing,packing_operator,household_goods,outbound,5,E,morning,handheld_scanner,rework,quantity_mismatch,15,packing_assist,synthetic
ORD-0091,2024-02-15 11:55,Exception Review,floor_supervisor,household_goods,outbound,5,Supervisor,morning,handheld_scanner,reviewed,quantity_mismatch,10,exception_decision_support,synthetic
ORD-0091,2024-02-15 11:58,Re-inspection,inspection_operator,household_goods,outbound,5,D,morning,handheld_scanner,completed,,0,vision_based_inspection,synthetic
ORD-0091,2024-02-15 12:04,Loading Support,loading_support,household_goods,outbound,5,F,morning,handheld_scanner,completed,,0,AMR_AGV_transport,synthetic
ORD-0091,2024-02-15 12:11,Daily Report,admin_operator,household_goods,outbound,5,Admin,morning,handheld_scanner,completed,,0,operational_intelligence_report,synthetic
ORD-0092,2024-01-20 17:06,Pick List Received,admin_operator,cosmetics,outbound,18,Admin,afternoon,handheld_scanner,completed,,0,workflow_dashboard,synthetic
ORD-0092,2024-01-20 17:13,Location Search,warehouse_operator,cosmetics,outbound,18,A,afternoon,handheld_scanner,completed,,0,AMR_route_support,synthetic
ORD-0092,2024-01-20 17:33,Item Picking,warehouse_operator,cosmetics,outbound,18,A,afternoon,handheld_scanner,completed,,0,robotic_picking_support,synthetic
ORD-0092,2024-01-20 17:37,Barcode Scan,scan_operator,cosmetics,outbound,18,B,afternoon,handheld_scanner,completed,,0,barcode_ocr_verification,synthetic
ORD-0092,2024-01-20 17:54,Product Sorting,sort_operator,cosmetics,outbound,18,C,afternoon,handheld_scanner,exception,wrong_location,26,automated_sorting,synthetic
ORD-0092,2024-01-20 18:14,Inspection,inspection_operator,cosmetics,outbound,18,D,afternoon,handheld_scanner,rework,label_mismatch,21,vision_based_inspection,synthetic
ORD-0092,2024-01-20 18:36,Exception Review,floor_supervisor,cosmetics,outbound,18,Supervisor,afternoon,handheld_scanner,reviewed,label_mismatch,8,exception_decision_support,synthetic
ORD-0092,2024-01-20 18:38,Re-scan,scan_operator,cosmetics,outbound,18,B,afternoon,handheld_scanner,completed,,0,barcode_ocr_verification,synthetic
ORD-0092,2024-01-20 18:55,Packing,packing_operator,cosmetics,outbound,18,E,afternoon,handheld_scanner,completed,,0,packing_assist,synthetic
ORD-0092,2024-01-20 19:13,Loading Support,loading_support,cosmetics,outbound,18,F,afternoon,handheld_scanner,exception,safety_delay,55,AMR_AGV_transport,synthetic
ORD-0092,2024-01-20 19:23,Daily Report,admin_operator,cosmetics,outbound,18,Admin,afternoon,handheld_scanner,completed,,0,operational_intelligence_report,synthetic
ORD-0093,2024-02-06 14:43,Pick List Received,admin_operator,cosmetics,transfer,18,Admin,afternoon,handheld_scanner,completed,,0,workflow_dashboard,synthetic
ORD-0093,2024-02-06 14:49,Location Search,warehouse_operator,cosmetics,transfer,18,A,afternoon,handheld_scanner,completed,,0,AMR_route_support,synthetic
ORD-0093,2024-02-06 14:57,Item Picking,warehouse_operator,cosmetics,transfer,18,A,afternoon,handheld_scanner,completed,,0,robotic_picking_support,synthetic
ORD-0093,2024-02-06 15:05,Barcode Scan,scan_operator,cosmetics,transfer,18,B,afternoon,handheld_scanner,completed,,0,barcode_ocr_verification,synthetic
ORD-0093,2024-02-06 15:16,Product Sorting,sort_operator,cosmetics,transfer,18,C,afternoon,handheld_scanner,completed,,0,automated_sorting,synthetic
ORD-0093,2024-02-06 15:34,Inspection,inspection_operator,cosmetics,transfer,18,D,afternoon,handheld_scanner,exception,quantity_mismatch,8,vision_based_inspection,synthetic
ORD-0093,2024-02-06 15:39,Exception Review,floor_supervisor,cosmetics,transfer,18,Supervisor,afternoon,handheld_scanner,reviewed,quantity_mismatch,12,exception_decision_support,synthetic
ORD-0093,2024-02-06 15:43,Re-inspection,inspection_operator,cosmetics,transfer,18,D,afternoon,handheld_scanner,completed,,0,vision_based_inspection,synthetic
ORD-0093,2024-02-06 15:51,Packing,packing_operator,cosmetics,transfer,18,E,afternoon,handheld_scanner,exception,label_mismatch,19,packing_assist,synthetic
ORD-0093,2024-02-06 16:00,Exception Review,floor_supervisor,cosmetics,transfer,18,Supervisor,afternoon,handheld_scanner,reviewed,label_mismatch,3,exception_decision_support,synthetic
ORD-0093,2024-02-06 16:03,Re-scan,scan_operator,cosmetics,transfer,18,B,afternoon,handheld_scanner,completed,,0,barcode_ocr_verification,synthetic
ORD-0093,2024-02-06 16:32,Loading Support,loading_support,cosmetics,transfer,18,F,afternoon,handheld_scanner,rework,safety_delay,22,AMR_AGV_transport,synthetic
ORD-0093,2024-02-06 16:40,Daily Report,admin_operator,cosmetics,transfer,18,Admin,afternoon,handheld_scanner,completed,,0,operational_intelligence_report,synthetic
ORD-0094,2024-01-15 17:16,Pick List Received,admin_operator,cosmetics,outbound,3,Admin,afternoon,handheld_scanner,completed,,0,workflow_dashboard,synthetic
ORD-0094,2024-01-15 17:23,Location Search,warehouse_operator,cosmetics,outbound,3,A,afternoon,handheld_scanner,completed,,0,AMR_route_support,synthetic
ORD-0094,2024-01-15 17:33,Item Picking,warehouse_operator,cosmetics,outbound,3,A,afternoon,handheld_scanner,completed,,0,robotic_picking_support,synthetic
ORD-0094,2024-01-15 17:34,Barcode Scan,scan_operator,cosmetics,outbound,3,B,afternoon,handheld_scanner,completed,,0,barcode_ocr_verification,synthetic
ORD-0094,2024-01-15 17:40,Product Sorting,sort_operator,cosmetics,outbound,3,C,afternoon,handheld_scanner,rework,wrong_location,13,automated_sorting,synthetic
ORD-0094,2024-01-15 17:43,Inspection,inspection_operator,cosmetics,outbound,3,D,afternoon,handheld_scanner,exception,quantity_mismatch,33,vision_based_inspection,synthetic
ORD-0094,2024-01-15 18:07,Exception Review,floor_supervisor,cosmetics,outbound,3,Supervisor,afternoon,handheld_scanner,reviewed,quantity_mismatch,9,exception_decision_support,synthetic
ORD-0094,2024-01-15 18:15,Re-inspection,inspection_operator,cosmetics,outbound,3,D,afternoon,handheld_scanner,completed,,0,vision_based_inspection,synthetic
ORD-0094,2024-01-15 18:21,Packing,packing_operator,cosmetics,outbound,3,E,afternoon,handheld_scanner,rework,damaged_packaging,13,packing_assist,synthetic
ORD-0094,2024-01-15 18:29,Exception Review,floor_supervisor,cosmetics,outbound,3,Supervisor,afternoon,handheld_scanner,reviewed,damaged_packaging,9,exception_decision_support,synthetic
ORD-0094,2024-01-15 18:40,Repacking,packing_operator,cosmetics,outbound,3,E,afternoon,handheld_scanner,completed,,0,packing_assist,synthetic
ORD-0094,2024-01-15 18:52,Loading Support,loading_support,cosmetics,outbound,3,F,afternoon,handheld_scanner,rework,station_congestion,34,AMR_AGV_transport,synthetic
ORD-0094,2024-01-15 18:58,Daily Report,admin_operator,cosmetics,outbound,3,Admin,afternoon,handheld_scanner,completed,,0,operational_intelligence_report,synthetic
ORD-0095,2024-03-05 09:54,Pick List Received,admin_operator,cosmetics,outbound,19,Admin,morning,handheld_scanner,completed,,0,workflow_dashboard,synthetic
ORD-0095,2024-03-05 10:00,Location Search,warehouse_operator,cosmetics,outbound,19,A,morning,handheld_scanner,completed,,0,AMR_route_support,synthetic
ORD-0095,2024-03-05 10:24,Item Picking,warehouse_operator,cosmetics,outbound,19,A,morning,handheld_scanner,completed,,0,robotic_picking_support,synthetic
ORD-0095,2024-03-05 10:27,Barcode Scan,scan_operator,cosmetics,outbound,19,B,morning,handheld_scanner,exception,label_mismatch,15,barcode_ocr_verification,synthetic
ORD-0095,2024-03-05 10:44,Exception Review,floor_supervisor,cosmetics,outbound,19,Supervisor,morning,handheld_scanner,reviewed,label_mismatch,5,exception_decision_support,synthetic
ORD-0095,2024-03-05 10:45,Re-scan,scan_operator,cosmetics,outbound,19,B,morning,handheld_scanner,completed,,0,barcode_ocr_verification,synthetic
ORD-0095,2024-03-05 10:59,Product Sorting,sort_operator,cosmetics,outbound,19,C,morning,handheld_scanner,completed,,0,automated_sorting,synthetic
ORD-0095,2024-03-05 11:09,Inspection,inspection_operator,cosmetics,outbound,19,D,morning,handheld_scanner,exception,damaged_packaging,41,vision_based_inspection,synthetic
ORD-0095,2024-03-05 11:24,Exception Review,floor_supervisor,cosmetics,outbound,19,Supervisor,morning,handheld_scanner,reviewed,damaged_packaging,18,exception_decision_support,synthetic
ORD-0095,2024-03-05 11:38,Repacking,packing_operator,cosmetics,outbound,19,E,morning,handheld_scanner,completed,,0,packing_assist,synthetic
ORD-0095,2024-03-05 11:52,Packing,packing_operator,cosmetics,outbound,19,E,morning,handheld_scanner,rework,damaged_packaging,18,packing_assist,synthetic
ORD-0095,2024-03-05 12:03,Exception Review,floor_supervisor,cosmetics,outbound,19,Supervisor,morning,handheld_scanner,reviewed,damaged_packaging,8,exception_decision_support,synthetic
ORD-0095,2024-03-05 12:07,Repacking,packing_operator,cosmetics,outbound,19,E,morning,handheld_scanner,completed,,0,packing_assist,synthetic
ORD-0095,2024-03-05 12:30,Loading Support,loading_support,cosmetics,outbound,19,F,morning,handheld_scanner,completed,,0,AMR_AGV_transport,synthetic
ORD-0095,2024-03-05 12:38,Daily Report,admin_operator,cosmetics,outbound,19,Admin,morning,handheld_scanner,completed,,0,operational_intelligence_report,synthetic
ORD-0096,2024-01-31 14:15,Pick List Received,admin_operator,food,outbound,17,Admin,afternoon,handheld_scanner,completed,,0,workflow_dashboard,synthetic
ORD-0096,2024-01-31 14:18,Location Search,warehouse_operator,food,outbound,17,A,afternoon,handheld_scanner,completed,,0,AMR_route_support,synthetic
ORD-0096,2024-01-31 14:37,Item Picking,warehouse_operator,food,outbound,17,A,afternoon,handheld_scanner,completed,,0,robotic_picking_support,synthetic
ORD-0096,2024-01-31 14:38,Barcode Scan,scan_operator,food,outbound,17,B,afternoon,handheld_scanner,rework,quantity_mismatch,19,barcode_ocr_verification,synthetic
ORD-0096,2024-01-31 14:45,Exception Review,floor_supervisor,food,outbound,17,Supervisor,afternoon,handheld_scanner,reviewed,quantity_mismatch,14,exception_decision_support,synthetic
ORD-0096,2024-01-31 14:49,Re-inspection,inspection_operator,food,outbound,17,D,afternoon,handheld_scanner,completed,,0,vision_based_inspection,synthetic
ORD-0096,2024-01-31 14:58,Product Sorting,sort_operator,food,outbound,17,C,afternoon,handheld_scanner,completed,,0,automated_sorting,synthetic
ORD-0096,2024-01-31 15:04,Inspection,inspection_operator,food,outbound,17,D,afternoon,handheld_scanner,exception,quantity_mismatch,14,vision_based_inspection,synthetic
ORD-0096,2024-01-31 15:26,Exception Review,floor_supervisor,food,outbound,17,Supervisor,afternoon,handheld_scanner,reviewed,quantity_mismatch,18,exception_decision_support,synthetic
ORD-0096,2024-01-31 15:40,Re-inspection,inspection_operator,food,outbound,17,D,afternoon,handheld_scanner,completed,,0,vision_based_inspection,synthetic
ORD-0096,2024-01-31 15:47,Packing,packing_operator,food,outbound,17,E,afternoon,handheld_scanner,completed,,0,packing_assist,synthetic
ORD-0096,2024-01-31 16:10,Loading Support,loading_support,food,outbound,17,F,afternoon,handheld_scanner,rework,safety_delay,36,AMR_AGV_transport,synthetic
ORD-0096,2024-01-31 16:20,Daily Report,admin_operator,food,outbound,17,Admin,afternoon,handheld_scanner,completed,,0,operational_intelligence_report,synthetic
ORD-0097,2024-02-13 11:19,Pick List Received,admin_operator,mixed_goods,outbound,21,Admin,morning,pda_terminal,completed,,0,workflow_dashboard,synthetic
ORD-0097,2024-02-13 11:24,Location Search,warehouse_operator,mixed_goods,outbound,21,A,morning,pda_terminal,completed,,0,AMR_route_support,synthetic
ORD-0097,2024-02-13 11:47,Item Picking,warehouse_operator,mixed_goods,outbound,21,A,morning,pda_terminal,completed,,0,robotic_picking_support,synthetic
ORD-0097,2024-02-13 11:51,Barcode Scan,scan_operator,mixed_goods,outbound,21,B,morning,pda_terminal,rework,quantity_mismatch,22,barcode_ocr_verification,synthetic
ORD-0097,2024-02-13 12:05,Exception Review,floor_supervisor,mixed_goods,outbound,21,Supervisor,morning,pda_terminal,reviewed,quantity_mismatch,5,exception_decision_support,synthetic
ORD-0097,2024-02-13 12:16,Re-inspection,inspection_operator,mixed_goods,outbound,21,D,morning,pda_terminal,completed,,0,vision_based_inspection,synthetic
ORD-0097,2024-02-13 12:23,Product Sorting,sort_operator,mixed_goods,outbound,21,C,morning,pda_terminal,completed,,0,automated_sorting,synthetic
ORD-0097,2024-02-13 12:35,Inspection,inspection_operator,mixed_goods,outbound,21,D,morning,pda_terminal,rework,label_mismatch,12,vision_based_inspection,synthetic
ORD-0097,2024-02-13 12:57,Exception Review,floor_supervisor,mixed_goods,outbound,21,Supervisor,morning,pda_terminal,reviewed,label_mismatch,12,exception_decision_support,synthetic
ORD-0097,2024-02-13 13:02,Re-scan,scan_operator,mixed_goods,outbound,21,B,morning,pda_terminal,completed,,0,barcode_ocr_verification,synthetic
ORD-0097,2024-02-13 13:10,Packing,packing_operator,mixed_goods,outbound,21,E,morning,pda_terminal,rework,quantity_mismatch,16,packing_assist,synthetic
ORD-0097,2024-02-13 13:24,Exception Review,floor_supervisor,mixed_goods,outbound,21,Supervisor,morning,pda_terminal,reviewed,quantity_mismatch,7,exception_decision_support,synthetic
ORD-0097,2024-02-13 13:36,Re-inspection,inspection_operator,mixed_goods,outbound,21,D,morning,pda_terminal,completed,,0,vision_based_inspection,synthetic
ORD-0097,2024-02-13 13:53,Loading Support,loading_support,mixed_goods,outbound,21,F,morning,pda_terminal,completed,,0,AMR_AGV_transport,synthetic
ORD-0097,2024-02-13 13:58,Daily Report,admin_operator,mixed_goods,outbound,21,Admin,morning,pda_terminal,completed,,0,operational_intelligence_report,synthetic
ORD-0098,2024-01-15 13:36,Pick List Received,admin_operator,cosmetics,return,12,Admin,afternoon,handheld_scanner,completed,,0,workflow_dashboard,synthetic
ORD-0098,2024-01-15 13:43,Location Search,warehouse_operator,cosmetics,return,12,A,afternoon,handheld_scanner,completed,,0,AMR_route_support,synthetic
ORD-0098,2024-01-15 13:59,Item Picking,warehouse_operator,cosmetics,return,12,A,afternoon,handheld_scanner,completed,,0,robotic_picking_support,synthetic
ORD-0098,2024-01-15 14:06,Barcode Scan,scan_operator,cosmetics,return,12,B,afternoon,handheld_scanner,rework,wrong_location,30,barcode_ocr_verification,synthetic
ORD-0098,2024-01-15 14:10,Product Sorting,sort_operator,cosmetics,return,12,C,afternoon,handheld_scanner,rework,wrong_location,14,automated_sorting,synthetic
ORD-0098,2024-01-15 14:15,Inspection,inspection_operator,cosmetics,return,12,D,afternoon,handheld_scanner,exception,damaged_packaging,31,vision_based_inspection,synthetic
ORD-0098,2024-01-15 14:37,Exception Review,floor_supervisor,cosmetics,return,12,Supervisor,afternoon,handheld_scanner,reviewed,damaged_packaging,17,exception_decision_support,synthetic
ORD-0098,2024-01-15 14:45,Repacking,packing_operator,cosmetics,return,12,E,afternoon,handheld_scanner,completed,,0,packing_assist,synthetic
ORD-0098,2024-01-15 14:51,Packing,packing_operator,cosmetics,return,12,E,afternoon,handheld_scanner,exception,station_congestion,41,packing_assist,synthetic
ORD-0098,2024-01-15 15:13,Loading Support,loading_support,cosmetics,return,12,F,afternoon,handheld_scanner,completed,,0,AMR_AGV_transport,synthetic
ORD-0098,2024-01-15 15:23,Daily Report,admin_operator,cosmetics,return,12,Admin,afternoon,handheld_scanner,completed,,0,operational_intelligence_report,synthetic
ORD-0099,2024-01-14 16:56,Pick List Received,admin_operator,apparel,outbound,21,Admin,afternoon,pda_terminal,completed,,0,workflow_dashboard,synthetic
ORD-0099,2024-01-14 17:01,Location Search,warehouse_operator,apparel,outbound,21,A,afternoon,pda_terminal,completed,,0,AMR_route_support,synthetic
ORD-0099,2024-01-14 17:16,Item Picking,warehouse_operator,apparel,outbound,21,A,afternoon,pda_terminal,completed,,0,robotic_picking_support,synthetic
ORD-0099,2024-01-14 17:22,Barcode Scan,scan_operator,apparel,outbound,21,B,afternoon,pda_terminal,completed,,0,barcode_ocr_verification,synthetic
ORD-0099,2024-01-14 17:25,Product Sorting,sort_operator,apparel,outbound,21,C,afternoon,pda_terminal,completed,,0,automated_sorting,synthetic
ORD-0099,2024-01-14 17:33,Inspection,inspection_operator,apparel,outbound,21,D,afternoon,pda_terminal,completed,,0,vision_based_inspection,synthetic
ORD-0099,2024-01-14 17:51,Packing,packing_operator,apparel,outbound,21,E,afternoon,pda_terminal,completed,,0,packing_assist,synthetic
ORD-0099,2024-01-14 18:10,Loading Support,loading_support,apparel,outbound,21,F,afternoon,pda_terminal,rework,quantity_mismatch,19,AMR_AGV_transport,synthetic
ORD-0099,2024-01-14 18:22,Exception Review,floor_supervisor,apparel,outbound,21,Supervisor,afternoon,pda_terminal,reviewed,quantity_mismatch,9,exception_decision_support,synthetic
ORD-0099,2024-01-14 18:29,Re-inspection,inspection_operator,apparel,outbound,21,D,afternoon,pda_terminal,completed,,0,vision_based_inspection,synthetic
ORD-0099,2024-01-14 18:31,Daily Report,admin_operator,apparel,outbound,21,Admin,afternoon,pda_terminal,completed,,0,operational_intelligence_report,synthetic
ORD-0100,2024-01-29 10:09,Pick List Received,admin_operator,household_goods,return,31,Admin,morning,handheld_scanner,completed,,0,workflow_dashboard,synthetic
ORD-0100,2024-01-29 10:13,Location Search,warehouse_operator,household_goods,return,31,A,morning,handheld_scanner,completed,,0,AMR_route_support,synthetic
ORD-0100,2024-01-29 10:18,Item Picking,warehouse_operator,household_goods,return,31,A,morning,handheld_scanner,completed,,0,robotic_picking_support,synthetic
ORD-0100,2024-01-29 10:25,Barcode Scan,scan_operator,household_goods,return,31,B,morning,handheld_scanner,completed,,0,barcode_ocr_verification,synthetic
ORD-0100,2024-01-29 10:29,Product Sorting,sort_operator,household_goods,return,31,C,morning,handheld_scanner,exception,wrong_location,11,automated_sorting,synthetic
ORD-0100,2024-01-29 10:40,Inspection,inspection_operator,household_goods,return,31,D,morning,handheld_scanner,completed,,0,vision_based_inspection,synthetic
ORD-0100,2024-01-29 10:55,Packing,packing_operator,household_goods,return,31,E,morning,handheld_scanner,completed,,0,packing_assist,synthetic
ORD-0100,2024-01-29 11:00,Loading Support,loading_support,household_goods,return,31,F,morning,handheld_scanner,rework,station_congestion,30,AMR_AGV_transport,synthetic
ORD-0100,2024-01-29 11:03,Daily Report,admin_operator,household_goods,return,31,Admin,morning,handheld_scanner,completed,,0,operational_intelligence_report,synthetic
ORD-0101,2024-02-11 11:19,Pick List Received,admin_operator,apparel,outbound,2,Admin,morning,handheld_scanner,completed,,0,workflow_dashboard,synthetic
ORD-0101,2024-02-11 11:21,Location Search,warehouse_operator,apparel,outbound,2,A,morning,handheld_scanner,completed,,0,AMR_route_support,synthetic
ORD-0101,2024-02-11 11:37,Item Picking,warehouse_operator,apparel,outbound,2,A,morning,handheld_scanner,completed,,0,robotic_picking_support,synthetic
ORD-0101,2024-02-11 11:43,Barcode Scan,scan_operator,apparel,outbound,2,B,morning,handheld_scanner,exception,quantity_mismatch,33,barcode_ocr_verification,synthetic
ORD-0101,2024-02-11 12:05,Exception Review,floor_supervisor,apparel,outbound,2,Supervisor,morning,handheld_scanner,reviewed,quantity_mismatch,13,exception_decision_support,synthetic
ORD-0101,2024-02-11 12:11,Re-inspection,inspection_operator,apparel,outbound,2,D,morning,handheld_scanner,completed,,0,vision_based_inspection,synthetic
ORD-0101,2024-02-11 12:18,Product Sorting,sort_operator,apparel,outbound,2,C,morning,handheld_scanner,exception,wrong_location,26,automated_sorting,synthetic
ORD-0101,2024-02-11 12:34,Inspection,inspection_operator,apparel,outbound,2,D,morning,handheld_scanner,exception,damaged_packaging,38,vision_based_inspection,synthetic
ORD-0101,2024-02-11 12:57,Exception Review,floor_supervisor,apparel,outbound,2,Supervisor,morning,handheld_scanner,reviewed,damaged_packaging,11,exception_decision_support,synthetic
ORD-0101,2024-02-11 13:14,Repacking,packing_operator,apparel,outbound,2,E,morning,handheld_scanner,completed,,0,packing_assist,synthetic
ORD-0101,2024-02-11 13:22,Packing,packing_operator,apparel,outbound,2,E,morning,handheld_scanner,rework,wrong_location,30,packing_assist,synthetic
ORD-0101,2024-02-11 13:44,Loading Support,loading_support,apparel,outbound,2,F,morning,handheld_scanner,completed,,0,AMR_AGV_transport,synthetic
ORD-0101,2024-02-11 13:47,Daily Report,admin_operator,apparel,outbound,2,Admin,morning,handheld_scanner,completed,,0,operational_intelligence_report,synthetic
ORD-0102,2024-02-24 12:20,Pick List Received,admin_operator,apparel,return,2,Admin,morning,pda_terminal,completed,,0,workflow_dashboard,synthetic
ORD-0102,2024-02-24 12:24,Location Search,warehouse_operator,apparel,return,2,A,morning,pda_terminal,completed,,0,AMR_route_support,synthetic
ORD-0102,2024-02-24 12:35,Item Picking,warehouse_operator,apparel,return,2,A,morning,pda_terminal,completed,,0,robotic_picking_support,synthetic
ORD-0102,2024-02-24 12:37,Barcode Scan,scan_operator,apparel,return,2,B,morning,pda_terminal,exception,scan_failure,14,barcode_ocr_verification,synthetic
ORD-0102,2024-02-24 12:53,Exception Review,floor_supervisor,apparel,return,2,Supervisor,morning,pda_terminal,reviewed,scan_failure,4,exception_decision_support,synthetic
ORD-0102,2024-02-24 12:59,Re-scan,scan_operator,apparel,return,2,B,morning,pda_terminal,completed,,0,barcode_ocr_verification,synthetic
ORD-0102,2024-02-24 13:17,Product Sorting,sort_operator,apparel,return,2,C,morning,pda_terminal,rework,quantity_mismatch,28,automated_sorting,synthetic
ORD-0102,2024-02-24 13:27,Exception Review,floor_supervisor,apparel,return,2,Supervisor,morning,pda_terminal,reviewed,quantity_mismatch,11,exception_decision_support,synthetic
ORD-0102,2024-02-24 13:33,Re-inspection,inspection_operator,apparel,return,2,D,morning,pda_terminal,completed,,0,vision_based_inspection,synthetic
ORD-0102,2024-02-24 13:37,Inspection,inspection_operator,apparel,return,2,D,morning,pda_terminal,rework,wrong_location,34,vision_based_inspection,synthetic
ORD-0102,2024-02-24 13:56,Packing,packing_operator,apparel,return,2,E,morning,pda_terminal,completed,,0,packing_assist,synthetic
ORD-0102,2024-02-24 14:15,Loading Support,loading_support,apparel,return,2,F,morning,pda_terminal,completed,,0,AMR_AGV_transport,synthetic
ORD-0102,2024-02-24 14:23,Daily Report,admin_operator,apparel,return,2,Admin,morning,pda_terminal,completed,,0,operational_intelligence_report,synthetic
ORD-0103,2024-02-22 14:00,Pick List Received,admin_operator,household_goods,outbound,25,Admin,afternoon,pda_terminal,completed,,0,workflow_dashboard,synthetic
ORD-0103,2024-02-22 14:05,Location Search,warehouse_operator,household_goods,outbound,25,A,afternoon,pda_terminal,completed,,0,AMR_route_support,synthetic
ORD-0103,2024-02-22 14:26,Item Picking,warehouse_operator,household_goods,outbound,25,A,afternoon,pda_terminal,completed,,0,robotic_picking_support,synthetic
ORD-0103,2024-02-22 14:33,Barcode Scan,scan_operator,household_goods,outbound,25,B,afternoon,pda_terminal,completed,,0,barcode_ocr_verification,synthetic
ORD-0103,2024-02-22 14:37,Product Sorting,sort_operator,household_goods,outbound,25,C,afternoon,pda_terminal,completed,,0,automated_sorting,synthetic
ORD-0103,2024-02-22 14:56,Inspection,inspection_operator,household_goods,outbound,25,D,afternoon,pda_terminal,completed,,0,vision_based_inspection,synthetic
ORD-0103,2024-02-22 15:01,Packing,packing_operator,household_goods,outbound,25,E,afternoon,pda_terminal,exception,damaged_packaging,28,packing_assist,synthetic
ORD-0103,2024-02-22 15:22,Exception Review,floor_supervisor,household_goods,outbound,25,Supervisor,afternoon,pda_terminal,reviewed,damaged_packaging,9,exception_decision_support,synthetic
ORD-0103,2024-02-22 15:33,Repacking,packing_operator,household_goods,outbound,25,E,afternoon,pda_terminal,completed,,0,packing_assist,synthetic
ORD-0103,2024-02-22 15:58,Loading Support,loading_support,household_goods,outbound,25,F,afternoon,pda_terminal,completed,,0,AMR_AGV_transport,synthetic
ORD-0103,2024-02-22 16:08,Daily Report,admin_operator,household_goods,outbound,25,Admin,afternoon,pda_terminal,completed,,0,operational_intelligence_report,synthetic
ORD-0104,2024-02-24 19:45,Pick List Received,admin_operator,apparel,return,35,Admin,night,handheld_scanner,completed,,0,workflow_dashboard,synthetic
ORD-0104,2024-02-24 19:50,Location Search,warehouse_operator,apparel,return,35,A,night,handheld_scanner,completed,,0,AMR_route_support,synthetic
ORD-0104,2024-02-24 20:09,Item Picking,warehouse_operator,apparel,return,35,A,night,handheld_scanner,completed,,0,robotic_picking_support,synthetic
ORD-0104,2024-02-24 20:11,Barcode Scan,scan_operator,apparel,return,35,B,night,handheld_scanner,rework,scan_failure,16,barcode_ocr_verification,synthetic
ORD-0104,2024-02-24 20:18,Exception Review,floor_supervisor,apparel,return,35,Supervisor,night,handheld_scanner,reviewed,scan_failure,11,exception_decision_support,synthetic
ORD-0104,2024-02-24 20:24,Re-scan,scan_operator,apparel,return,35,B,night,handheld_scanner,completed,,0,barcode_ocr_verification,synthetic
ORD-0104,2024-02-24 20:39,Product Sorting,sort_operator,apparel,return,35,C,night,handheld_scanner,completed,,0,automated_sorting,synthetic
ORD-0104,2024-02-24 20:58,Inspection,inspection_operator,apparel,return,35,D,night,handheld_scanner,completed,,0,vision_based_inspection,synthetic
ORD-0104,2024-02-24 21:07,Packing,packing_operator,apparel,return,35,E,night,handheld_scanner,exception,station_congestion,21,packing_assist,synthetic
ORD-0104,2024-02-24 21:25,Loading Support,loading_support,apparel,return,35,F,night,handheld_scanner,rework,station_congestion,22,AMR_AGV_transport,synthetic
ORD-0104,2024-02-24 21:27,Daily Report,admin_operator,apparel,return,35,Admin,night,handheld_scanner,completed,,0,operational_intelligence_report,synthetic
ORD-0105,2024-03-06 15:03,Pick List Received,admin_operator,household_goods,return,1,Admin,afternoon,pda_terminal,completed,,0,workflow_dashboard,synthetic
ORD-0105,2024-03-06 15:12,Location Search,warehouse_operator,household_goods,return,1,A,afternoon,pda_terminal,completed,,0,AMR_route_support,synthetic
ORD-0105,2024-03-06 15:19,Item Picking,warehouse_operator,household_goods,return,1,A,afternoon,pda_terminal,completed,,0,robotic_picking_support,synthetic
ORD-0105,2024-03-06 15:20,Barcode Scan,scan_operator,household_goods,return,1,B,afternoon,pda_terminal,rework,scan_failure,5,barcode_ocr_verification,synthetic
ORD-0105,2024-03-06 15:26,Exception Review,floor_supervisor,household_goods,return,1,Supervisor,afternoon,pda_terminal,reviewed,scan_failure,12,exception_decision_support,synthetic
ORD-0105,2024-03-06 15:31,Re-scan,scan_operator,household_goods,return,1,B,afternoon,pda_terminal,completed,,0,barcode_ocr_verification,synthetic
ORD-0105,2024-03-06 15:43,Product Sorting,sort_operator,household_goods,return,1,C,afternoon,pda_terminal,exception,wrong_location,31,automated_sorting,synthetic
ORD-0105,2024-03-06 16:00,Inspection,inspection_operator,household_goods,return,1,D,afternoon,pda_terminal,completed,,0,vision_based_inspection,synthetic
ORD-0105,2024-03-06 16:15,Packing,packing_operator,household_goods,return,1,E,afternoon,pda_terminal,completed,,0,packing_assist,synthetic
ORD-0105,2024-03-06 16:22,Loading Support,loading_support,household_goods,return,1,F,afternoon,pda_terminal,completed,,0,AMR_AGV_transport,synthetic
ORD-0105,2024-03-06 16:29,Daily Report,admin_operator,household_goods,return,1,Admin,afternoon,pda_terminal,completed,,0,operational_intelligence_report,synthetic
ORD-0106,2024-01-11 10:40,Pick List Received,admin_operator,household_goods,outbound,28,Admin,morning,pda_terminal,completed,,0,workflow_dashboard,synthetic
ORD-0106,2024-01-11 10:47,Location Search,warehouse_operator,household_goods,outbound,28,A,morning,pda_terminal,completed,,0,AMR_route_support,synthetic
ORD-0106,2024-01-11 11:08,Item Picking,warehouse_operator,household_goods,outbound,28,A,morning,pda_terminal,completed,,0,robotic_picking_support,synthetic
ORD-0106,2024-01-11 11:15,Barcode Scan,scan_operator,household_goods,outbound,28,B,morning,pda_terminal,rework,station_congestion,48,barcode_ocr_verification,synthetic
ORD-0106,2024-01-11 11:31,Product Sorting,sort_operator,household_goods,outbound,28,C,morning,pda_terminal,completed,,0,automated_sorting,synthetic
ORD-0106,2024-01-11 11:44,Inspection,inspection_operator,household_goods,outbound,28,D,morning,pda_terminal,rework,damaged_packaging,41,vision_based_inspection,synthetic
ORD-0106,2024-01-11 12:08,Exception Review,floor_supervisor,household_goods,outbound,28,Supervisor,morning,pda_terminal,reviewed,damaged_packaging,12,exception_decision_support,synthetic
ORD-0106,2024-01-11 12:23,Repacking,packing_operator,household_goods,outbound,28,E,morning,pda_terminal,completed,,0,packing_assist,synthetic
ORD-0106,2024-01-11 12:36,Packing,packing_operator,household_goods,outbound,28,E,morning,pda_terminal,completed,,0,packing_assist,synthetic
ORD-0106,2024-01-11 12:41,Loading Support,loading_support,household_goods,outbound,28,F,morning,pda_terminal,rework,damaged_packaging,23,AMR_AGV_transport,synthetic
ORD-0106,2024-01-11 12:56,Exception Review,floor_supervisor,household_goods,outbound,28,Supervisor,morning,pda_terminal,reviewed,damaged_packaging,16,exception_decision_support,synthetic
ORD-0106,2024-01-11 13:08,Repacking,packing_operator,household_goods,outbound,28,E,morning,pda_terminal,completed,,0,packing_assist,synthetic
ORD-0106,2024-01-11 13:13,Daily Report,admin_operator,household_goods,outbound,28,Admin,morning,pda_terminal,completed,,0,operational_intelligence_report,synthetic
ORD-0107,2024-03-07 11:16,Pick List Received,admin_operator,apparel,outbound,5,Admin,morning,handheld_scanner,completed,,0,workflow_dashboard,synthetic
ORD-0107,2024-03-07 11:23,Location Search,warehouse_operator,apparel,outbound,5,A,morning,handheld_scanner,completed,,0,AMR_route_support,synthetic
ORD-0107,2024-03-07 11:40,Item Picking,warehouse_operator,apparel,outbound,5,A,morning,handheld_scanner,completed,,0,robotic_picking_support,synthetic
ORD-0107,2024-03-07 11:41,Barcode Scan,scan_operator,apparel,outbound,5,B,morning,handheld_scanner,completed,,0,barcode_ocr_verification,synthetic
ORD-0107,2024-03-07 11:50,Product Sorting,sort_operator,apparel,outbound,5,C,morning,handheld_scanner,exception,wrong_location,30,automated_sorting,synthetic
ORD-0107,2024-03-07 12:10,Inspection,inspection_operator,apparel,outbound,5,D,morning,handheld_scanner,completed,,0,vision_based_inspection,synthetic
ORD-0107,2024-03-07 12:28,Packing,packing_operator,apparel,outbound,5,E,morning,handheld_scanner,completed,,0,packing_assist,synthetic
ORD-0107,2024-03-07 12:46,Loading Support,loading_support,apparel,outbound,5,F,morning,handheld_scanner,completed,,0,AMR_AGV_transport,synthetic
ORD-0107,2024-03-07 12:48,Daily Report,admin_operator,apparel,outbound,5,Admin,morning,handheld_scanner,completed,,0,operational_intelligence_report,synthetic
ORD-0108,2024-01-05 15:36,Pick List Received,admin_operator,cosmetics,outbound,21,Admin,afternoon,pda_terminal,completed,,0,workflow_dashboard,synthetic
ORD-0108,2024-01-05 15:42,Location Search,warehouse_operator,cosmetics,outbound,21,A,afternoon,pda_terminal,completed,,0,AMR_route_support,synthetic
ORD-0108,2024-01-05 15:47,Item Picking,warehouse_operator,cosmetics,outbound,21,A,afternoon,pda_terminal,completed,,0,robotic_picking_support,synthetic
ORD-0108,2024-01-05 15:53,Barcode Scan,scan_operator,cosmetics,outbound,21,B,afternoon,pda_terminal,completed,,0,barcode_ocr_verification,synthetic
ORD-0108,2024-01-05 16:01,Product Sorting,sort_operator,cosmetics,outbound,21,C,afternoon,pda_terminal,completed,,0,automated_sorting,synthetic
ORD-0108,2024-01-05 16:16,Inspection,inspection_operator,cosmetics,outbound,21,D,afternoon,pda_terminal,exception,quantity_mismatch,35,vision_based_inspection,synthetic
ORD-0108,2024-01-05 16:36,Exception Review,floor_supervisor,cosmetics,outbound,21,Supervisor,afternoon,pda_terminal,reviewed,quantity_mismatch,12,exception_decision_support,synthetic
ORD-0108,2024-01-05 16:44,Re-inspection,inspection_operator,cosmetics,outbound,21,D,afternoon,pda_terminal,completed,,0,vision_based_inspection,synthetic
ORD-0108,2024-01-05 17:02,Packing,packing_operator,cosmetics,outbound,21,E,afternoon,pda_terminal,completed,,0,packing_assist,synthetic
ORD-0108,2024-01-05 17:16,Loading Support,loading_support,cosmetics,outbound,21,F,afternoon,pda_terminal,exception,station_congestion,15,AMR_AGV_transport,synthetic
ORD-0108,2024-01-05 17:18,Daily Report,admin_operator,cosmetics,outbound,21,Admin,afternoon,pda_terminal,completed,,0,operational_intelligence_report,synthetic
ORD-0109,2024-02-11 11:05,Pick List Received,admin_operator,cosmetics,transfer,22,Admin,morning,fixed_scanner,completed,,0,workflow_dashboard,synthetic
ORD-0109,2024-02-11 11:10,Location Search,warehouse_operator,cosmetics,transfer,22,A,morning,fixed_scanner,completed,,0,AMR_route_support,synthetic
ORD-0109,2024-02-11 11:16,Item Picking,warehouse_operator,cosmetics,transfer,22,A,morning,fixed_scanner,completed,,0,robotic_picking_support,synthetic
ORD-0109,2024-02-11 11:24,Barcode Scan,scan_operator,cosmetics,transfer,22,B,morning,fixed_scanner,rework,damaged_packaging,12,barcode_ocr_verification,synthetic
ORD-0109,2024-02-11 11:30,Exception Review,floor_supervisor,cosmetics,transfer,22,Supervisor,morning,fixed_scanner,reviewed,damaged_packaging,8,exception_decision_support,synthetic
ORD-0109,2024-02-11 11:42,Repacking,packing_operator,cosmetics,transfer,22,E,morning,fixed_scanner,completed,,0,packing_assist,synthetic
ORD-0109,2024-02-11 11:54,Product Sorting,sort_operator,cosmetics,transfer,22,C,morning,fixed_scanner,rework,label_mismatch,12,automated_sorting,synthetic
ORD-0109,2024-02-11 12:02,Exception Review,floor_supervisor,cosmetics,transfer,22,Supervisor,morning,fixed_scanner,reviewed,label_mismatch,7,exception_decision_support,synthetic
ORD-0109,2024-02-11 12:04,Re-scan,scan_operator,cosmetics,transfer,22,B,morning,fixed_scanner,completed,,0,barcode_ocr_verification,synthetic
ORD-0109,2024-02-11 12:12,Inspection,inspection_operator,cosmetics,transfer,22,D,morning,fixed_scanner,exception,damaged_packaging,44,vision_based_inspection,synthetic
ORD-0109,2024-02-11 12:26,Exception Review,floor_supervisor,cosmetics,transfer,22,Supervisor,morning,fixed_scanner,reviewed,damaged_packaging,12,exception_decision_support,synthetic
ORD-0109,2024-02-11 12:32,Repacking,packing_operator,cosmetics,transfer,22,E,morning,fixed_scanner,completed,,0,packing_assist,synthetic
ORD-0109,2024-02-11 12:38,Packing,packing_operator,cosmetics,transfer,22,E,morning,fixed_scanner,rework,wrong_location,25,packing_assist,synthetic
ORD-0109,2024-02-11 12:44,Loading Support,loading_support,cosmetics,transfer,22,F,morning,fixed_scanner,exception,damaged_packaging,29,AMR_AGV_transport,synthetic
ORD-0109,2024-02-11 13:07,Exception Review,floor_supervisor,cosmetics,transfer,22,Supervisor,morning,fixed_scanner,reviewed,damaged_packaging,9,exception_decision_support,synthetic
ORD-0109,2024-02-11 13:12,Repacking,packing_operator,cosmetics,transfer,22,E,morning,fixed_scanner,completed,,0,packing_assist,synthetic
ORD-0109,2024-02-11 13:21,Daily Report,admin_operator,cosmetics,transfer,22,Admin,morning,fixed_scanner,completed,,0,operational_intelligence_report,synthetic
ORD-0110,2024-01-31 15:57,Pick List Received,admin_operator,apparel,outbound,30,Admin,afternoon,handheld_scanner,completed,,0,workflow_dashboard,synthetic
ORD-0110,2024-01-31 16:04,Location Search,warehouse_operator,apparel,outbound,30,A,afternoon,handheld_scanner,completed,,0,AMR_route_support,synthetic
ORD-0110,2024-01-31 16:19,Item Picking,warehouse_operator,apparel,outbound,30,A,afternoon,handheld_scanner,completed,,0,robotic_picking_support,synthetic
ORD-0110,2024-01-31 16:27,Barcode Scan,scan_operator,apparel,outbound,30,B,afternoon,handheld_scanner,exception,wrong_location,37,barcode_ocr_verification,synthetic
ORD-0110,2024-01-31 16:34,Product Sorting,sort_operator,apparel,outbound,30,C,afternoon,handheld_scanner,exception,station_congestion,44,automated_sorting,synthetic
ORD-0110,2024-01-31 16:50,Inspection,inspection_operator,apparel,outbound,30,D,afternoon,handheld_scanner,exception,damaged_packaging,14,vision_based_inspection,synthetic
ORD-0110,2024-01-31 17:13,Exception Review,floor_supervisor,apparel,outbound,30,Supervisor,afternoon,handheld_scanner,reviewed,damaged_packaging,15,exception_decision_support,synthetic
ORD-0110,2024-01-31 17:25,Repacking,packing_operator,apparel,outbound,30,E,afternoon,handheld_scanner,completed,,0,packing_assist,synthetic
ORD-0110,2024-01-31 17:36,Packing,packing_operator,apparel,outbound,30,E,afternoon,handheld_scanner,rework,damaged_packaging,39,packing_assist,synthetic
ORD-0110,2024-01-31 17:46,Exception Review,floor_supervisor,apparel,outbound,30,Supervisor,afternoon,handheld_scanner,reviewed,damaged_packaging,14,exception_decision_support,synthetic
ORD-0110,2024-01-31 17:56,Repacking,packing_operator,apparel,outbound,30,E,afternoon,handheld_scanner,completed,,0,packing_assist,synthetic
ORD-0110,2024-01-31 18:03,Loading Support,loading_support,apparel,outbound,30,F,afternoon,handheld_scanner,completed,,0,AMR_AGV_transport,synthetic
ORD-0110,2024-01-31 18:11,Daily Report,admin_operator,apparel,outbound,30,Admin,afternoon,handheld_scanner,completed,,0,operational_intelligence_report,synthetic
ORD-0111,2024-01-03 10:07,Pick List Received,admin_operator,household_goods,outbound,14,Admin,morning,pda_terminal,completed,,0,workflow_dashboard,synthetic
ORD-0111,2024-01-03 10:15,Location Search,warehouse_operator,household_goods,outbound,14,A,morning,pda_terminal,completed,,0,AMR_route_support,synthetic
ORD-0111,2024-01-03 10:39,Item Picking,warehouse_operator,household_goods,outbound,14,A,morning,pda_terminal,completed,,0,robotic_picking_support,synthetic
ORD-0111,2024-01-03 10:47,Barcode Scan,scan_operator,household_goods,outbound,14,B,morning,pda_terminal,rework,scan_failure,9,barcode_ocr_verification,synthetic
ORD-0111,2024-01-03 11:11,Exception Review,floor_supervisor,household_goods,outbound,14,Supervisor,morning,pda_terminal,reviewed,scan_failure,11,exception_decision_support,synthetic
ORD-0111,2024-01-03 11:15,Re-scan,scan_operator,household_goods,outbound,14,B,morning,pda_terminal,completed,,0,barcode_ocr_verification,synthetic
ORD-0111,2024-01-03 11:22,Product Sorting,sort_operator,household_goods,outbound,14,C,morning,pda_terminal,completed,,0,automated_sorting,synthetic
ORD-0111,2024-01-03 11:26,Inspection,inspection_operator,household_goods,outbound,14,D,morning,pda_terminal,rework,damaged_packaging,45,vision_based_inspection,synthetic
ORD-0111,2024-01-03 11:31,Exception Review,floor_supervisor,household_goods,outbound,14,Supervisor,morning,pda_terminal,reviewed,damaged_packaging,12,exception_decision_support,synthetic
ORD-0111,2024-01-03 11:41,Repacking,packing_operator,household_goods,outbound,14,E,morning,pda_terminal,completed,,0,packing_assist,synthetic
ORD-0111,2024-01-03 12:03,Packing,packing_operator,household_goods,outbound,14,E,morning,pda_terminal,exception,station_congestion,21,packing_assist,synthetic
ORD-0111,2024-01-03 12:14,Loading Support,loading_support,household_goods,outbound,14,F,morning,pda_terminal,completed,,0,AMR_AGV_transport,synthetic
ORD-0111,2024-01-03 12:21,Daily Report,admin_operator,household_goods,outbound,14,Admin,morning,pda_terminal,completed,,0,operational_intelligence_report,synthetic
ORD-0112,2024-01-12 23:16,Pick List Received,admin_operator,cosmetics,outbound,9,Admin,night,handheld_scanner,completed,,0,workflow_dashboard,synthetic
ORD-0112,2024-01-12 23:20,Location Search,warehouse_operator,cosmetics,outbound,9,A,night,handheld_scanner,completed,,0,AMR_route_support,synthetic
ORD-0112,2024-01-12 23:27,Item Picking,warehouse_operator,cosmetics,outbound,9,A,night,handheld_scanner,completed,,0,robotic_picking_support,synthetic
ORD-0112,2024-01-12 23:30,Barcode Scan,scan_operator,cosmetics,outbound,9,B,night,handheld_scanner,completed,,0,barcode_ocr_verification,synthetic
ORD-0112,2024-01-12 23:46,Product Sorting,sort_operator,cosmetics,outbound,9,C,night,handheld_scanner,completed,,0,automated_sorting,synthetic
ORD-0112,2024-01-13 00:02,Inspection,inspection_operator,cosmetics,outbound,9,D,night,handheld_scanner,completed,,0,vision_based_inspection,synthetic
ORD-0112,2024-01-13 00:20,Packing,packing_operator,cosmetics,outbound,9,E,night,handheld_scanner,completed,,0,packing_assist,synthetic
ORD-0112,2024-01-13 00:42,Loading Support,loading_support,cosmetics,outbound,9,F,night,handheld_scanner,completed,,0,AMR_AGV_transport,synthetic
ORD-0112,2024-01-13 00:50,Daily Report,admin_operator,cosmetics,outbound,9,Admin,night,handheld_scanner,completed,,0,operational_intelligence_report,synthetic
ORD-0113,2024-02-02 16:33,Pick List Received,admin_operator,household_goods,outbound,32,Admin,afternoon,pda_terminal,completed,,0,workflow_dashboard,synthetic
ORD-0113,2024-02-02 16:42,Location Search,warehouse_operator,household_goods,outbound,32,A,afternoon,pda_terminal,completed,,0,AMR_route_support,synthetic
ORD-0113,2024-02-02 16:58,Item Picking,warehouse_operator,household_goods,outbound,32,A,afternoon,pda_terminal,completed,,0,robotic_picking_support,synthetic
ORD-0113,2024-02-02 17:00,Barcode Scan,scan_operator,household_goods,outbound,32,B,afternoon,pda_terminal,completed,,0,barcode_ocr_verification,synthetic
ORD-0113,2024-02-02 17:05,Product Sorting,sort_operator,household_goods,outbound,32,C,afternoon,pda_terminal,rework,quantity_mismatch,24,automated_sorting,synthetic
ORD-0113,2024-02-02 17:30,Exception Review,floor_supervisor,household_goods,outbound,32,Supervisor,afternoon,pda_terminal,reviewed,quantity_mismatch,7,exception_decision_support,synthetic
ORD-0113,2024-02-02 17:43,Re-inspection,inspection_operator,household_goods,outbound,32,D,afternoon,pda_terminal,completed,,0,vision_based_inspection,synthetic
ORD-0113,2024-02-02 18:03,Inspection,inspection_operator,household_goods,outbound,32,D,afternoon,pda_terminal,completed,,0,vision_based_inspection,synthetic
ORD-0113,2024-02-02 18:16,Packing,packing_operator,household_goods,outbound,32,E,afternoon,pda_terminal,completed,,0,packing_assist,synthetic
ORD-0113,2024-02-02 18:31,Loading Support,loading_support,household_goods,outbound,32,F,afternoon,pda_terminal,completed,,0,AMR_AGV_transport,synthetic
ORD-0113,2024-02-02 18:33,Daily Report,admin_operator,household_goods,outbound,32,Admin,afternoon,pda_terminal,completed,,0,operational_intelligence_report,synthetic
ORD-0114,2024-02-09 15:17,Pick List Received,admin_operator,household_goods,outbound,22,Admin,afternoon,handheld_scanner,completed,,0,workflow_dashboard,synthetic
ORD-0114,2024-02-09 15:23,Location Search,warehouse_operator,household_goods,outbound,22,A,afternoon,handheld_scanner,completed,,0,AMR_route_support,synthetic
ORD-0114,2024-02-09 15:29,Item Picking,warehouse_operator,household_goods,outbound,22,A,afternoon,handheld_scanner,completed,,0,robotic_picking_support,synthetic
ORD-0114,2024-02-09 15:37,Barcode Scan,scan_operator,household_goods,outbound,22,B,afternoon,handheld_scanner,completed,,0,barcode_ocr_verification,synthetic
ORD-0114,2024-02-09 15:41,Product Sorting,sort_operator,household_goods,outbound,22,C,afternoon,handheld_scanner,completed,,0,automated_sorting,synthetic
ORD-0114,2024-02-09 15:53,Inspection,inspection_operator,household_goods,outbound,22,D,afternoon,handheld_scanner,completed,,0,vision_based_inspection,synthetic
ORD-0114,2024-02-09 15:57,Packing,packing_operator,household_goods,outbound,22,E,afternoon,handheld_scanner,exception,damaged_packaging,27,packing_assist,synthetic
ORD-0114,2024-02-09 16:10,Exception Review,floor_supervisor,household_goods,outbound,22,Supervisor,afternoon,handheld_scanner,reviewed,damaged_packaging,5,exception_decision_support,synthetic
ORD-0114,2024-02-09 16:25,Repacking,packing_operator,household_goods,outbound,22,E,afternoon,handheld_scanner,completed,,0,packing_assist,synthetic
ORD-0114,2024-02-09 16:33,Loading Support,loading_support,household_goods,outbound,22,F,afternoon,handheld_scanner,completed,,0,AMR_AGV_transport,synthetic
ORD-0114,2024-02-09 16:37,Daily Report,admin_operator,household_goods,outbound,22,Admin,afternoon,handheld_scanner,completed,,0,operational_intelligence_report,synthetic
ORD-0115,2024-01-07 11:10,Pick List Received,admin_operator,food,outbound,16,Admin,morning,handheld_scanner,completed,,0,workflow_dashboard,synthetic
ORD-0115,2024-01-07 11:19,Location Search,warehouse_operator,food,outbound,16,A,morning,handheld_scanner,completed,,0,AMR_route_support,synthetic
ORD-0115,2024-01-07 11:37,Item Picking,warehouse_operator,food,outbound,16,A,morning,handheld_scanner,completed,,0,robotic_picking_support,synthetic
ORD-0115,2024-01-07 11:44,Barcode Scan,scan_operator,food,outbound,16,B,morning,handheld_scanner,exception,scan_failure,8,barcode_ocr_verification,synthetic
ORD-0115,2024-01-07 11:50,Exception Review,floor_supervisor,food,outbound,16,Supervisor,morning,handheld_scanner,reviewed,scan_failure,5,exception_decision_support,synthetic
ORD-0115,2024-01-07 11:54,Re-scan,scan_operator,food,outbound,16,B,morning,handheld_scanner,completed,,0,barcode_ocr_verification,synthetic
ORD-0115,2024-01-07 12:09,Product Sorting,sort_operator,food,outbound,16,C,morning,handheld_scanner,rework,station_congestion,19,automated_sorting,synthetic
ORD-0115,2024-01-07 12:12,Inspection,inspection_operator,food,outbound,16,D,morning,handheld_scanner,rework,damaged_packaging,43,vision_based_inspection,synthetic
ORD-0115,2024-01-07 12:30,Exception Review,floor_supervisor,food,outbound,16,Supervisor,morning,handheld_scanner,reviewed,damaged_packaging,13,exception_decision_support,synthetic
ORD-0115,2024-01-07 12:39,Repacking,packing_operator,food,outbound,16,E,morning,handheld_scanner,completed,,0,packing_assist,synthetic
ORD-0115,2024-01-07 12:51,Packing,packing_operator,food,outbound,16,E,morning,handheld_scanner,exception,damaged_packaging,25,packing_assist,synthetic
ORD-0115,2024-01-07 13:12,Exception Review,floor_supervisor,food,outbound,16,Supervisor,morning,handheld_scanner,reviewed,damaged_packaging,15,exception_decision_support,synthetic
ORD-0115,2024-01-07 13:26,Repacking,packing_operator,food,outbound,16,E,morning,handheld_scanner,completed,,0,packing_assist,synthetic
ORD-0115,2024-01-07 13:53,Loading Support,loading_support,food,outbound,16,F,morning,handheld_scanner,completed,,0,AMR_AGV_transport,synthetic
ORD-0115,2024-01-07 14:00,Daily Report,admin_operator,food,outbound,16,Admin,morning,handheld_scanner,completed,,0,operational_intelligence_report,synthetic
ORD-0116,2024-01-16 16:19,Pick List Received,admin_operator,food,outbound,1,Admin,afternoon,handheld_scanner,completed,,0,workflow_dashboard,synthetic
ORD-0116,2024-01-16 16:25,Location Search,warehouse_operator,food,outbound,1,A,afternoon,handheld_scanner,completed,,0,AMR_route_support,synthetic
ORD-0116,2024-01-16 16:36,Item Picking,warehouse_operator,food,outbound,1,A,afternoon,handheld_scanner,completed,,0,robotic_picking_support,synthetic
ORD-0116,2024-01-16 16:37,Barcode Scan,scan_operator,food,outbound,1,B,afternoon,handheld_scanner,exception,label_mismatch,12,barcode_ocr_verification,synthetic
ORD-0116,2024-01-16 16:54,Exception Review,floor_supervisor,food,outbound,1,Supervisor,afternoon,handheld_scanner,reviewed,label_mismatch,12,exception_decision_support,synthetic
ORD-0116,2024-01-16 16:56,Re-scan,scan_operator,food,outbound,1,B,afternoon,handheld_scanner,completed,,0,barcode_ocr_verification,synthetic
ORD-0116,2024-01-16 17:02,Product Sorting,sort_operator,food,outbound,1,C,afternoon,handheld_scanner,completed,,0,automated_sorting,synthetic
ORD-0116,2024-01-16 17:13,Inspection,inspection_operator,food,outbound,1,D,afternoon,handheld_scanner,rework,damaged_packaging,27,vision_based_inspection,synthetic
ORD-0116,2024-01-16 17:20,Exception Review,floor_supervisor,food,outbound,1,Supervisor,afternoon,handheld_scanner,reviewed,damaged_packaging,13,exception_decision_support,synthetic
ORD-0116,2024-01-16 17:36,Repacking,packing_operator,food,outbound,1,E,afternoon,handheld_scanner,completed,,0,packing_assist,synthetic
ORD-0116,2024-01-16 17:41,Packing,packing_operator,food,outbound,1,E,afternoon,handheld_scanner,exception,station_congestion,14,packing_assist,synthetic
ORD-0116,2024-01-16 18:05,Loading Support,loading_support,food,outbound,1,F,afternoon,handheld_scanner,rework,safety_delay,43,AMR_AGV_transport,synthetic
ORD-0116,2024-01-16 18:08,Daily Report,admin_operator,food,outbound,1,Admin,afternoon,handheld_scanner,completed,,0,operational_intelligence_report,synthetic
ORD-0117,2024-03-06 14:16,Pick List Received,admin_operator,apparel,outbound,29,Admin,afternoon,handheld_scanner,completed,,0,workflow_dashboard,synthetic
ORD-0117,2024-03-06 14:22,Location Search,warehouse_operator,apparel,outbound,29,A,afternoon,handheld_scanner,completed,,0,AMR_route_support,synthetic
ORD-0117,2024-03-06 14:31,Item Picking,warehouse_operator,apparel,outbound,29,A,afternoon,handheld_scanner,completed,,0,robotic_picking_support,synthetic
ORD-0117,2024-03-06 14:37,Barcode Scan,scan_operator,apparel,outbound,29,B,afternoon,handheld_scanner,completed,,0,barcode_ocr_verification,synthetic
ORD-0117,2024-03-06 14:40,Product Sorting,sort_operator,apparel,outbound,29,C,afternoon,handheld_scanner,rework,safety_delay,29,automated_sorting,synthetic
ORD-0117,2024-03-06 14:55,Inspection,inspection_operator,apparel,outbound,29,D,afternoon,handheld_scanner,completed,,0,vision_based_inspection,synthetic
ORD-0117,2024-03-06 15:14,Packing,packing_operator,apparel,outbound,29,E,afternoon,handheld_scanner,rework,damaged_packaging,29,packing_assist,synthetic
ORD-0117,2024-03-06 15:30,Exception Review,floor_supervisor,apparel,outbound,29,Supervisor,afternoon,handheld_scanner,reviewed,damaged_packaging,15,exception_decision_support,synthetic
ORD-0117,2024-03-06 15:35,Repacking,packing_operator,apparel,outbound,29,E,afternoon,handheld_scanner,completed,,0,packing_assist,synthetic
ORD-0117,2024-03-06 15:54,Loading Support,loading_support,apparel,outbound,29,F,afternoon,handheld_scanner,completed,,0,AMR_AGV_transport,synthetic
ORD-0117,2024-03-06 16:00,Daily Report,admin_operator,apparel,outbound,29,Admin,afternoon,handheld_scanner,completed,,0,operational_intelligence_report,synthetic
ORD-0118,2024-02-10 12:02,Pick List Received,admin_operator,food,outbound,25,Admin,morning,pda_terminal,completed,,0,workflow_dashboard,synthetic
ORD-0118,2024-02-10 12:11,Location Search,warehouse_operator,food,outbound,25,A,morning,pda_terminal,completed,,0,AMR_route_support,synthetic
ORD-0118,2024-02-10 12:22,Item Picking,warehouse_operator,food,outbound,25,A,morning,pda_terminal,completed,,0,robotic_picking_support,synthetic
ORD-0118,2024-02-10 12:25,Barcode Scan,scan_operator,food,outbound,25,B,morning,pda_terminal,exception,label_mismatch,13,barcode_ocr_verification,synthetic
ORD-0118,2024-02-10 12:44,Exception Review,floor_supervisor,food,outbound,25,Supervisor,morning,pda_terminal,reviewed,label_mismatch,3,exception_decision_support,synthetic
ORD-0118,2024-02-10 12:45,Re-scan,scan_operator,food,outbound,25,B,morning,pda_terminal,completed,,0,barcode_ocr_verification,synthetic
ORD-0118,2024-02-10 12:58,Product Sorting,sort_operator,food,outbound,25,C,morning,pda_terminal,rework,label_mismatch,7,automated_sorting,synthetic
ORD-0118,2024-02-10 13:07,Exception Review,floor_supervisor,food,outbound,25,Supervisor,morning,pda_terminal,reviewed,label_mismatch,12,exception_decision_support,synthetic
ORD-0118,2024-02-10 13:09,Re-scan,scan_operator,food,outbound,25,B,morning,pda_terminal,completed,,0,barcode_ocr_verification,synthetic
ORD-0118,2024-02-10 13:14,Inspection,inspection_operator,food,outbound,25,D,morning,pda_terminal,exception,label_mismatch,6,vision_based_inspection,synthetic
ORD-0118,2024-02-10 13:39,Exception Review,floor_supervisor,food,outbound,25,Supervisor,morning,pda_terminal,reviewed,label_mismatch,3,exception_decision_support,synthetic
ORD-0118,2024-02-10 13:42,Re-scan,scan_operator,food,outbound,25,B,morning,pda_terminal,completed,,0,barcode_ocr_verification,synthetic
ORD-0118,2024-02-10 13:49,Packing,packing_operator,food,outbound,25,E,morning,pda_terminal,exception,safety_delay,66,packing_assist,synthetic
ORD-0118,2024-02-10 13:56,Loading Support,loading_support,food,outbound,25,F,morning,pda_terminal,completed,,0,AMR_AGV_transport,synthetic
ORD-0118,2024-02-10 14:04,Daily Report,admin_operator,food,outbound,25,Admin,morning,pda_terminal,completed,,0,operational_intelligence_report,synthetic
ORD-0119,2024-01-20 15:09,Pick List Received,admin_operator,household_goods,return,26,Admin,afternoon,handheld_scanner,completed,,0,workflow_dashboard,synthetic
ORD-0119,2024-01-20 15:16,Location Search,warehouse_operator,household_goods,return,26,A,afternoon,handheld_scanner,completed,,0,AMR_route_support,synthetic
ORD-0119,2024-01-20 15:23,Item Picking,warehouse_operator,household_goods,return,26,A,afternoon,handheld_scanner,completed,,0,robotic_picking_support,synthetic
ORD-0119,2024-01-20 15:25,Barcode Scan,scan_operator,household_goods,return,26,B,afternoon,handheld_scanner,rework,scan_failure,16,barcode_ocr_verification,synthetic
ORD-0119,2024-01-20 15:34,Exception Review,floor_supervisor,household_goods,return,26,Supervisor,afternoon,handheld_scanner,reviewed,scan_failure,4,exception_decision_support,synthetic
ORD-0119,2024-01-20 15:40,Re-scan,scan_operator,household_goods,return,26,B,afternoon,handheld_scanner,completed,,0,barcode_ocr_verification,synthetic
ORD-0119,2024-01-20 15:55,Product Sorting,sort_operator,household_goods,return,26,C,afternoon,handheld_scanner,completed,,0,automated_sorting,synthetic
ORD-0119,2024-01-20 15:58,Inspection,inspection_operator,household_goods,return,26,D,afternoon,handheld_scanner,completed,,0,vision_based_inspection,synthetic
ORD-0119,2024-01-20 16:04,Packing,packing_operator,household_goods,return,26,E,afternoon,handheld_scanner,exception,label_mismatch,8,packing_assist,synthetic
ORD-0119,2024-01-20 16:15,Exception Review,floor_supervisor,household_goods,return,26,Supervisor,afternoon,handheld_scanner,reviewed,label_mismatch,5,exception_decision_support,synthetic
ORD-0119,2024-01-20 16:21,Re-scan,scan_operator,household_goods,return,26,B,afternoon,handheld_scanner,completed,,0,barcode_ocr_verification,synthetic
ORD-0119,2024-01-20 16:34,Loading Support,loading_support,household_goods,return,26,F,afternoon,handheld_scanner,completed,,0,AMR_AGV_transport,synthetic
ORD-0119,2024-01-20 16:42,Daily Report,admin_operator,household_goods,return,26,Admin,afternoon,handheld_scanner,completed,,0,operational_intelligence_report,synthetic
ORD-0120,2024-01-14 15:32,Pick List Received,admin_operator,apparel,outbound,12,Admin,afternoon,pda_terminal,completed,,0,workflow_dashboard,synthetic
ORD-0120,2024-01-14 15:37,Location Search,warehouse_operator,apparel,outbound,12,A,afternoon,pda_terminal,completed,,0,AMR_route_support,synthetic
ORD-0120,2024-01-14 15:45,Item Picking,warehouse_operator,apparel,outbound,12,A,afternoon,pda_terminal,completed,,0,robotic_picking_support,synthetic
ORD-0120,2024-01-14 15:47,Barcode Scan,scan_operator,apparel,outbound,12,B,afternoon,pda_terminal,completed,,0,barcode_ocr_verification,synthetic
ORD-0120,2024-01-14 15:57,Product Sorting,sort_operator,apparel,outbound,12,C,afternoon,pda_terminal,rework,station_congestion,40,automated_sorting,synthetic
ORD-0120,2024-01-14 16:05,Inspection,inspection_operator,apparel,outbound,12,D,afternoon,pda_terminal,completed,,0,vision_based_inspection,synthetic
ORD-0120,2024-01-14 16:10,Packing,packing_operator,apparel,outbound,12,E,afternoon,pda_terminal,exception,quantity_mismatch,16,packing_assist,synthetic
ORD-0120,2024-01-14 16:32,Exception Review,floor_supervisor,apparel,outbound,12,Supervisor,afternoon,pda_terminal,reviewed,quantity_mismatch,10,exception_decision_support,synthetic
ORD-0120,2024-01-14 16:37,Re-inspection,inspection_operator,apparel,outbound,12,D,afternoon,pda_terminal,completed,,0,vision_based_inspection,synthetic
ORD-0120,2024-01-14 17:07,Loading Support,loading_support,apparel,outbound,12,F,afternoon,pda_terminal,rework,scan_failure,8,AMR_AGV_transport,synthetic
ORD-0120,2024-01-14 17:22,Exception Review,floor_supervisor,apparel,outbound,12,Supervisor,afternoon,pda_terminal,reviewed,scan_failure,6,exception_decision_support,synthetic
ORD-0120,2024-01-14 17:23,Re-scan,scan_operator,apparel,outbound,12,B,afternoon,pda_terminal,completed,,0,barcode_ocr_verification,synthetic
ORD-0120,2024-01-14 17:30,Daily Report,admin_operator,apparel,outbound,12,Admin,afternoon,pda_terminal,completed,,0,operational_intelligence_report,synthetic
ORD-0121,2024-01-31 08:37,Pick List Received,admin_operator,apparel,outbound,13,Admin,morning,handheld_scanner,completed,,0,workflow_dashboard,synthetic
ORD-0121,2024-01-31 08:41,Location Search,warehouse_operator,apparel,outbound,13,A,morning,handheld_scanner,completed,,0,AMR_route_support,synthetic
ORD-0121,2024-01-31 08:52,Item Picking,warehouse_operator,apparel,outbound,13,A,morning,handheld_scanner,completed,,0,robotic_picking_support,synthetic
ORD-0121,2024-01-31 09:00,Barcode Scan,scan_operator,apparel,outbound,13,B,morning,handheld_scanner,exception,scan_failure,16,barcode_ocr_verification,synthetic
ORD-0121,2024-01-31 09:23,Exception Review,floor_supervisor,apparel,outbound,13,Supervisor,morning,handheld_scanner,reviewed,scan_failure,3,exception_decision_support,synthetic
ORD-0121,2024-01-31 09:26,Re-scan,scan_operator,apparel,outbound,13,B,morning,handheld_scanner,completed,,0,barcode_ocr_verification,synthetic
ORD-0121,2024-01-31 09:33,Product Sorting,sort_operator,apparel,outbound,13,C,morning,handheld_scanner,rework,quantity_mismatch,32,automated_sorting,synthetic
ORD-0121,2024-01-31 09:56,Exception Review,floor_supervisor,apparel,outbound,13,Supervisor,morning,handheld_scanner,reviewed,quantity_mismatch,12,exception_decision_support,synthetic
ORD-0121,2024-01-31 10:00,Re-inspection,inspection_operator,apparel,outbound,13,D,morning,handheld_scanner,completed,,0,vision_based_inspection,synthetic
ORD-0121,2024-01-31 10:16,Inspection,inspection_operator,apparel,outbound,13,D,morning,handheld_scanner,completed,,0,vision_based_inspection,synthetic
ORD-0121,2024-01-31 10:35,Packing,packing_operator,apparel,outbound,13,E,morning,handheld_scanner,completed,,0,packing_assist,synthetic
ORD-0121,2024-01-31 10:46,Loading Support,loading_support,apparel,outbound,13,F,morning,handheld_scanner,completed,,0,AMR_AGV_transport,synthetic
ORD-0121,2024-01-31 10:55,Daily Report,admin_operator,apparel,outbound,13,Admin,morning,handheld_scanner,completed,,0,operational_intelligence_report,synthetic
ORD-0122,2024-02-27 14:57,Pick List Received,admin_operator,apparel,return,16,Admin,afternoon,handheld_scanner,completed,,0,workflow_dashboard,synthetic
ORD-0122,2024-02-27 14:59,Location Search,warehouse_operator,apparel,return,16,A,afternoon,handheld_scanner,completed,,0,AMR_route_support,synthetic
ORD-0122,2024-02-27 15:19,Item Picking,warehouse_operator,apparel,return,16,A,afternoon,handheld_scanner,completed,,0,robotic_picking_support,synthetic
ORD-0122,2024-02-27 15:20,Barcode Scan,scan_operator,apparel,return,16,B,afternoon,handheld_scanner,exception,wrong_location,12,barcode_ocr_verification,synthetic
ORD-0122,2024-02-27 15:29,Product Sorting,sort_operator,apparel,return,16,C,afternoon,handheld_scanner,exception,quantity_mismatch,23,automated_sorting,synthetic
ORD-0122,2024-02-27 15:48,Exception Review,floor_supervisor,apparel,return,16,Supervisor,afternoon,handheld_scanner,reviewed,quantity_mismatch,19,exception_decision_support,synthetic
ORD-0122,2024-02-27 16:03,Re-inspection,inspection_operator,apparel,return,16,D,afternoon,handheld_scanner,completed,,0,vision_based_inspection,synthetic
ORD-0122,2024-02-27 16:10,Inspection,inspection_operator,apparel,return,16,D,afternoon,handheld_scanner,completed,,0,vision_based_inspection,synthetic
ORD-0122,2024-02-27 16:26,Packing,packing_operator,apparel,return,16,E,afternoon,handheld_scanner,rework,damaged_packaging,10,packing_assist,synthetic
ORD-0122,2024-02-27 16:47,Exception Review,floor_supervisor,apparel,return,16,Supervisor,afternoon,handheld_scanner,reviewed,damaged_packaging,6,exception_decision_support,synthetic
ORD-0122,2024-02-27 16:55,Repacking,packing_operator,apparel,return,16,E,afternoon,handheld_scanner,completed,,0,packing_assist,synthetic
ORD-0122,2024-02-27 17:13,Loading Support,loading_support,apparel,return,16,F,afternoon,handheld_scanner,completed,,0,AMR_AGV_transport,synthetic
ORD-0122,2024-02-27 17:23,Daily Report,admin_operator,apparel,return,16,Admin,afternoon,handheld_scanner,completed,,0,operational_intelligence_report,synthetic
ORD-0123,2024-01-10 13:57,Pick List Received,admin_operator,food,outbound,22,Admin,afternoon,pda_terminal,completed,,0,workflow_dashboard,synthetic
ORD-0123,2024-01-10 14:06,Location Search,warehouse_operator,food,outbound,22,A,afternoon,pda_terminal,completed,,0,AMR_route_support,synthetic
ORD-0123,2024-01-10 14:30,Item Picking,warehouse_operator,food,outbound,22,A,afternoon,pda_terminal,completed,,0,robotic_picking_support,synthetic
ORD-0123,2024-01-10 14:31,Barcode Scan,scan_operator,food,outbound,22,B,afternoon,pda_terminal,exception,quantity_mismatch,30,barcode_ocr_verification,synthetic
ORD-0123,2024-01-10 14:56,Exception Review,floor_supervisor,food,outbound,22,Supervisor,afternoon,pda_terminal,reviewed,quantity_mismatch,20,exception_decision_support,synthetic
ORD-0123,2024-01-10 15:10,Re-inspection,inspection_operator,food,outbound,22,D,afternoon,pda_terminal,completed,,0,vision_based_inspection,synthetic
ORD-0123,2024-01-10 15:19,Product Sorting,sort_operator,food,outbound,22,C,afternoon,pda_terminal,completed,,0,automated_sorting,synthetic
ORD-0123,2024-01-10 15:29,Inspection,inspection_operator,food,outbound,22,D,afternoon,pda_terminal,rework,damaged_packaging,27,vision_based_inspection,synthetic
ORD-0123,2024-01-10 15:49,Exception Review,floor_supervisor,food,outbound,22,Supervisor,afternoon,pda_terminal,reviewed,damaged_packaging,8,exception_decision_support,synthetic
ORD-0123,2024-01-10 16:00,Repacking,packing_operator,food,outbound,22,E,afternoon,pda_terminal,completed,,0,packing_assist,synthetic
ORD-0123,2024-01-10 16:21,Packing,packing_operator,food,outbound,22,E,afternoon,pda_terminal,completed,,0,packing_assist,synthetic
ORD-0123,2024-01-10 16:43,Loading Support,loading_support,food,outbound,22,F,afternoon,pda_terminal,completed,,0,AMR_AGV_transport,synthetic
ORD-0123,2024-01-10 16:52,Daily Report,admin_operator,food,outbound,22,Admin,afternoon,pda_terminal,completed,,0,operational_intelligence_report,synthetic
ORD-0124,2024-03-01 22:44,Pick List Received,admin_operator,food,return,5,Admin,night,handheld_scanner,completed,,0,workflow_dashboard,synthetic
ORD-0124,2024-03-01 22:47,Location Search,warehouse_operator,food,return,5,A,night,handheld_scanner,completed,,0,AMR_route_support,synthetic
ORD-0124,2024-03-01 22:55,Item Picking,warehouse_operator,food,return,5,A,night,handheld_scanner,completed,,0,robotic_picking_support,synthetic
ORD-0124,2024-03-01 22:58,Barcode Scan,scan_operator,food,return,5,B,night,handheld_scanner,rework,scan_failure,7,barcode_ocr_verification,synthetic
ORD-0124,2024-03-01 23:20,Exception Review,floor_supervisor,food,return,5,Supervisor,night,handheld_scanner,reviewed,scan_failure,5,exception_decision_support,synthetic
ORD-0124,2024-03-01 23:24,Re-scan,scan_operator,food,return,5,B,night,handheld_scanner,completed,,0,barcode_ocr_verification,synthetic
ORD-0124,2024-03-01 23:38,Product Sorting,sort_operator,food,return,5,C,night,handheld_scanner,rework,station_congestion,43,automated_sorting,synthetic
ORD-0124,2024-03-01 23:54,Inspection,inspection_operator,food,return,5,D,night,handheld_scanner,rework,temperature_hold,58,vision_based_inspection,synthetic
ORD-0124,2024-03-02 00:16,Packing,packing_operator,food,return,5,E,night,handheld_scanner,rework,damaged_packaging,24,packing_assist,synthetic
ORD-0124,2024-03-02 00:25,Exception Review,floor_supervisor,food,return,5,Supervisor,night,handheld_scanner,reviewed,damaged_packaging,16,exception_decision_support,synthetic
ORD-0124,2024-03-02 00:33,Repacking,packing_operator,food,return,5,E,night,handheld_scanner,completed,,0,packing_assist,synthetic
ORD-0124,2024-03-02 00:52,Loading Support,loading_support,food,return,5,F,night,handheld_scanner,completed,,0,AMR_AGV_transport,synthetic
ORD-0124,2024-03-02 00:56,Daily Report,admin_operator,food,return,5,Admin,night,handheld_scanner,completed,,0,operational_intelligence_report,synthetic
ORD-0125,2024-01-17 21:01,Pick List Received,admin_operator,cosmetics,outbound,10,Admin,night,handheld_scanner,completed,,0,workflow_dashboard,synthetic
ORD-0125,2024-01-17 21:08,Location Search,warehouse_operator,cosmetics,outbound,10,A,night,handheld_scanner,completed,,0,AMR_route_support,synthetic
ORD-0125,2024-01-17 21:18,Item Picking,warehouse_operator,cosmetics,outbound,10,A,night,handheld_scanner,completed,,0,robotic_picking_support,synthetic
ORD-0125,2024-01-17 21:22,Barcode Scan,scan_operator,cosmetics,outbound,10,B,night,handheld_scanner,completed,,0,barcode_ocr_verification,synthetic
ORD-0125,2024-01-17 21:26,Product Sorting,sort_operator,cosmetics,outbound,10,C,night,handheld_scanner,completed,,0,automated_sorting,synthetic
ORD-0125,2024-01-17 21:40,Inspection,inspection_operator,cosmetics,outbound,10,D,night,handheld_scanner,exception,quantity_mismatch,17,vision_based_inspection,synthetic
ORD-0125,2024-01-17 21:59,Exception Review,floor_supervisor,cosmetics,outbound,10,Supervisor,night,handheld_scanner,reviewed,quantity_mismatch,15,exception_decision_support,synthetic
ORD-0125,2024-01-17 22:04,Re-inspection,inspection_operator,cosmetics,outbound,10,D,night,handheld_scanner,completed,,0,vision_based_inspection,synthetic
ORD-0125,2024-01-17 22:08,Packing,packing_operator,cosmetics,outbound,10,E,night,handheld_scanner,completed,,0,packing_assist,synthetic
ORD-0125,2024-01-17 22:30,Loading Support,loading_support,cosmetics,outbound,10,F,night,handheld_scanner,completed,,0,AMR_AGV_transport,synthetic
ORD-0125,2024-01-17 22:37,Daily Report,admin_operator,cosmetics,outbound,10,Admin,night,handheld_scanner,completed,,0,operational_intelligence_report,synthetic
ORD-0126,2024-02-28 22:34,Pick List Received,admin_operator,food,outbound,10,Admin,night,pda_terminal,completed,,0,workflow_dashboard,synthetic
ORD-0126,2024-02-28 22:44,Location Search,warehouse_operator,food,outbound,10,A,night,pda_terminal,completed,,0,AMR_route_support,synthetic
ORD-0126,2024-02-28 22:52,Item Picking,warehouse_operator,food,outbound,10,A,night,pda_terminal,completed,,0,robotic_picking_support,synthetic
ORD-0126,2024-02-28 22:57,Barcode Scan,scan_operator,food,outbound,10,B,night,pda_terminal,rework,label_mismatch,13,barcode_ocr_verification,synthetic
ORD-0126,2024-02-28 23:20,Exception Review,floor_supervisor,food,outbound,10,Supervisor,night,pda_terminal,reviewed,label_mismatch,11,exception_decision_support,synthetic
ORD-0126,2024-02-28 23:22,Re-scan,scan_operator,food,outbound,10,B,night,pda_terminal,completed,,0,barcode_ocr_verification,synthetic
ORD-0126,2024-02-28 23:33,Product Sorting,sort_operator,food,outbound,10,C,night,pda_terminal,exception,quantity_mismatch,29,automated_sorting,synthetic
ORD-0126,2024-02-28 23:57,Exception Review,floor_supervisor,food,outbound,10,Supervisor,night,pda_terminal,reviewed,quantity_mismatch,6,exception_decision_support,synthetic
ORD-0126,2024-02-29 00:10,Re-inspection,inspection_operator,food,outbound,10,D,night,pda_terminal,completed,,0,vision_based_inspection,synthetic
ORD-0126,2024-02-29 00:24,Inspection,inspection_operator,food,outbound,10,D,night,pda_terminal,rework,wrong_location,10,vision_based_inspection,synthetic
ORD-0126,2024-02-29 00:42,Packing,packing_operator,food,outbound,10,E,night,pda_terminal,completed,,0,packing_assist,synthetic
ORD-0126,2024-02-29 00:49,Loading Support,loading_support,food,outbound,10,F,night,pda_terminal,rework,station_congestion,36,AMR_AGV_transport,synthetic
ORD-0126,2024-02-29 00:53,Daily Report,admin_operator,food,outbound,10,Admin,night,pda_terminal,completed,,0,operational_intelligence_report,synthetic
ORD-0127,2024-02-20 14:13,Pick List Received,admin_operator,apparel,outbound,22,Admin,afternoon,handheld_scanner,completed,,0,workflow_dashboard,synthetic
ORD-0127,2024-02-20 14:21,Location Search,warehouse_operator,apparel,outbound,22,A,afternoon,handheld_scanner,completed,,0,AMR_route_support,synthetic
ORD-0127,2024-02-20 14:31,Item Picking,warehouse_operator,apparel,outbound,22,A,afternoon,handheld_scanner,completed,,0,robotic_picking_support,synthetic
ORD-0127,2024-02-20 14:39,Barcode Scan,scan_operator,apparel,outbound,22,B,afternoon,handheld_scanner,completed,,0,barcode_ocr_verification,synthetic
ORD-0127,2024-02-20 14:46,Product Sorting,sort_operator,apparel,outbound,22,C,afternoon,handheld_scanner,rework,quantity_mismatch,23,automated_sorting,synthetic
ORD-0127,2024-02-20 15:08,Exception Review,floor_supervisor,apparel,outbound,22,Supervisor,afternoon,handheld_scanner,reviewed,quantity_mismatch,19,exception_decision_support,synthetic
ORD-0127,2024-02-20 15:14,Re-inspection,inspection_operator,apparel,outbound,22,D,afternoon,handheld_scanner,completed,,0,vision_based_inspection,synthetic
ORD-0127,2024-02-20 15:17,Inspection,inspection_operator,apparel,outbound,22,D,afternoon,handheld_scanner,completed,,0,vision_based_inspection,synthetic
ORD-0127,2024-02-20 15:25,Packing,packing_operator,apparel,outbound,22,E,afternoon,handheld_scanner,rework,damaged_packaging,28,packing_assist,synthetic
ORD-0127,2024-02-20 15:30,Exception Review,floor_supervisor,apparel,outbound,22,Supervisor,afternoon,handheld_scanner,reviewed,damaged_packaging,8,exception_decision_support,synthetic
ORD-0127,2024-02-20 15:46,Repacking,packing_operator,apparel,outbound,22,E,afternoon,handheld_scanner,completed,,0,packing_assist,synthetic
ORD-0127,2024-02-20 15:59,Loading Support,loading_support,apparel,outbound,22,F,afternoon,handheld_scanner,completed,,0,AMR_AGV_transport,synthetic
ORD-0127,2024-02-20 16:02,Daily Report,admin_operator,apparel,outbound,22,Admin,afternoon,handheld_scanner,completed,,0,operational_intelligence_report,synthetic
ORD-0128,2024-03-03 15:48,Pick List Received,admin_operator,food,outbound,28,Admin,afternoon,pda_terminal,completed,,0,workflow_dashboard,synthetic
ORD-0128,2024-03-03 15:50,Location Search,warehouse_operator,food,outbound,28,A,afternoon,pda_terminal,completed,,0,AMR_route_support,synthetic
ORD-0128,2024-03-03 15:59,Item Picking,warehouse_operator,food,outbound,28,A,afternoon,pda_terminal,completed,,0,robotic_picking_support,synthetic
ORD-0128,2024-03-03 16:05,Barcode Scan,scan_operator,food,outbound,28,B,afternoon,pda_terminal,rework,wrong_location,21,barcode_ocr_verification,synthetic
ORD-0128,2024-03-03 16:17,Product Sorting,sort_operator,food,outbound,28,C,afternoon,pda_terminal,rework,wrong_location,34,automated_sorting,synthetic
ORD-0128,2024-03-03 16:37,Inspection,inspection_operator,food,outbound,28,D,afternoon,pda_terminal,exception,damaged_packaging,33,vision_based_inspection,synthetic
ORD-0128,2024-03-03 16:42,Exception Review,floor_supervisor,food,outbound,28,Supervisor,afternoon,pda_terminal,reviewed,damaged_packaging,9,exception_decision_support,synthetic
ORD-0128,2024-03-03 16:54,Repacking,packing_operator,food,outbound,28,E,afternoon,pda_terminal,completed,,0,packing_assist,synthetic
ORD-0128,2024-03-03 17:07,Packing,packing_operator,food,outbound,28,E,afternoon,pda_terminal,rework,station_congestion,24,packing_assist,synthetic
ORD-0128,2024-03-03 17:37,Loading Support,loading_support,food,outbound,28,F,afternoon,pda_terminal,completed,,0,AMR_AGV_transport,synthetic
ORD-0128,2024-03-03 17:47,Daily Report,admin_operator,food,outbound,28,Admin,afternoon,pda_terminal,completed,,0,operational_intelligence_report,synthetic
ORD-0129,2024-01-12 15:03,Pick List Received,admin_operator,cosmetics,outbound,8,Admin,afternoon,handheld_scanner,completed,,0,workflow_dashboard,synthetic
ORD-0129,2024-01-12 15:09,Location Search,warehouse_operator,cosmetics,outbound,8,A,afternoon,handheld_scanner,completed,,0,AMR_route_support,synthetic
ORD-0129,2024-01-12 15:25,Item Picking,warehouse_operator,cosmetics,outbound,8,A,afternoon,handheld_scanner,completed,,0,robotic_picking_support,synthetic
ORD-0129,2024-01-12 15:28,Barcode Scan,scan_operator,cosmetics,outbound,8,B,afternoon,handheld_scanner,completed,,0,barcode_ocr_verification,synthetic
ORD-0129,2024-01-12 15:41,Product Sorting,sort_operator,cosmetics,outbound,8,C,afternoon,handheld_scanner,exception,quantity_mismatch,12,automated_sorting,synthetic
ORD-0129,2024-01-12 15:50,Exception Review,floor_supervisor,cosmetics,outbound,8,Supervisor,afternoon,handheld_scanner,reviewed,quantity_mismatch,7,exception_decision_support,synthetic
ORD-0129,2024-01-12 15:59,Re-inspection,inspection_operator,cosmetics,outbound,8,D,afternoon,handheld_scanner,completed,,0,vision_based_inspection,synthetic
ORD-0129,2024-01-12 16:05,Inspection,inspection_operator,cosmetics,outbound,8,D,afternoon,handheld_scanner,rework,scan_failure,5,vision_based_inspection,synthetic
ORD-0129,2024-01-12 16:25,Exception Review,floor_supervisor,cosmetics,outbound,8,Supervisor,afternoon,handheld_scanner,reviewed,scan_failure,4,exception_decision_support,synthetic
ORD-0129,2024-01-12 16:28,Re-scan,scan_operator,cosmetics,outbound,8,B,afternoon,handheld_scanner,completed,,0,barcode_ocr_verification,synthetic
ORD-0129,2024-01-12 16:33,Packing,packing_operator,cosmetics,outbound,8,E,afternoon,handheld_scanner,rework,quantity_mismatch,11,packing_assist,synthetic
ORD-0129,2024-01-12 16:38,Exception Review,floor_supervisor,cosmetics,outbound,8,Supervisor,afternoon,handheld_scanner,reviewed,quantity_mismatch,7,exception_decision_support,synthetic
ORD-0129,2024-01-12 16:43,Re-inspection,inspection_operator,cosmetics,outbound,8,D,afternoon,handheld_scanner,completed,,0,vision_based_inspection,synthetic
ORD-0129,2024-01-12 17:11,Loading Support,loading_support,cosmetics,outbound,8,F,afternoon,handheld_scanner,completed,,0,AMR_AGV_transport,synthetic
ORD-0129,2024-01-12 17:18,Daily Report,admin_operator,cosmetics,outbound,8,Admin,afternoon,handheld_scanner,completed,,0,operational_intelligence_report,synthetic
ORD-0130,2024-01-11 14:17,Pick List Received,admin_operator,household_goods,return,16,Admin,afternoon,handheld_scanner,completed,,0,workflow_dashboard,synthetic
ORD-0130,2024-01-11 14:23,Location Search,warehouse_operator,household_goods,return,16,A,afternoon,handheld_scanner,completed,,0,AMR_route_support,synthetic
ORD-0130,2024-01-11 14:33,Item Picking,warehouse_operator,household_goods,return,16,A,afternoon,handheld_scanner,completed,,0,robotic_picking_support,synthetic
ORD-0130,2024-01-11 14:34,Barcode Scan,scan_operator,household_goods,return,16,B,afternoon,handheld_scanner,completed,,0,barcode_ocr_verification,synthetic
ORD-0130,2024-01-11 14:40,Product Sorting,sort_operator,household_goods,return,16,C,afternoon,handheld_scanner,completed,,0,automated_sorting,synthetic
ORD-0130,2024-01-11 14:59,Inspection,inspection_operator,household_goods,return,16,D,afternoon,handheld_scanner,completed,,0,vision_based_inspection,synthetic
ORD-0130,2024-01-11 15:18,Packing,packing_operator,household_goods,return,16,E,afternoon,handheld_scanner,rework,station_congestion,34,packing_assist,synthetic
ORD-0130,2024-01-11 15:39,Loading Support,loading_support,household_goods,return,16,F,afternoon,handheld_scanner,exception,station_congestion,41,AMR_AGV_transport,synthetic
ORD-0130,2024-01-11 15:45,Daily Report,admin_operator,household_goods,return,16,Admin,afternoon,handheld_scanner,completed,,0,operational_intelligence_report,synthetic
ORD-0131,2024-03-01 11:09,Pick List Received,admin_operator,food,outbound,8,Admin,morning,handheld_scanner,completed,,0,workflow_dashboard,synthetic
ORD-0131,2024-03-01 11:15,Location Search,warehouse_operator,food,outbound,8,A,morning,handheld_scanner,completed,,0,AMR_route_support,synthetic
ORD-0131,2024-03-01 11:33,Item Picking,warehouse_operator,food,outbound,8,A,morning,handheld_scanner,completed,,0,robotic_picking_support,synthetic
ORD-0131,2024-03-01 11:37,Barcode Scan,scan_operator,food,outbound,8,B,morning,handheld_scanner,completed,,0,barcode_ocr_verification,synthetic
ORD-0131,2024-03-01 11:55,Product Sorting,sort_operator,food,outbound,8,C,morning,handheld_scanner,completed,,0,automated_sorting,synthetic
ORD-0131,2024-03-01 12:09,Inspection,inspection_operator,food,outbound,8,D,morning,handheld_scanner,rework,quantity_mismatch,11,vision_based_inspection,synthetic
ORD-0131,2024-03-01 12:26,Exception Review,floor_supervisor,food,outbound,8,Supervisor,morning,handheld_scanner,reviewed,quantity_mismatch,17,exception_decision_support,synthetic
ORD-0131,2024-03-01 12:40,Re-inspection,inspection_operator,food,outbound,8,D,morning,handheld_scanner,completed,,0,vision_based_inspection,synthetic
ORD-0131,2024-03-01 13:02,Packing,packing_operator,food,outbound,8,E,morning,handheld_scanner,completed,,0,packing_assist,synthetic
ORD-0131,2024-03-01 13:30,Loading Support,loading_support,food,outbound,8,F,morning,handheld_scanner,completed,,0,AMR_AGV_transport,synthetic
ORD-0131,2024-03-01 13:34,Daily Report,admin_operator,food,outbound,8,Admin,morning,handheld_scanner,completed,,0,operational_intelligence_report,synthetic
ORD-0132,2024-02-26 12:22,Pick List Received,admin_operator,apparel,transfer,26,Admin,morning,handheld_scanner,completed,,0,workflow_dashboard,synthetic
ORD-0132,2024-02-26 12:29,Location Search,warehouse_operator,apparel,transfer,26,A,morning,handheld_scanner,completed,,0,AMR_route_support,synthetic
ORD-0132,2024-02-26 12:49,Item Picking,warehouse_operator,apparel,transfer,26,A,morning,handheld_scanner,completed,,0,robotic_picking_support,synthetic
ORD-0132,2024-02-26 12:56,Barcode Scan,scan_operator,apparel,transfer,26,B,morning,handheld_scanner,completed,,0,barcode_ocr_verification,synthetic
ORD-0132,2024-02-26 13:07,Product Sorting,sort_operator,apparel,transfer,26,C,morning,handheld_scanner,rework,quantity_mismatch,23,automated_sorting,synthetic
ORD-0132,2024-02-26 13:13,Exception Review,floor_supervisor,apparel,transfer,26,Supervisor,morning,handheld_scanner,reviewed,quantity_mismatch,7,exception_decision_support,synthetic
ORD-0132,2024-02-26 13:23,Re-inspection,inspection_operator,apparel,transfer,26,D,morning,handheld_scanner,completed,,0,vision_based_inspection,synthetic
ORD-0132,2024-02-26 13:26,Inspection,inspection_operator,apparel,transfer,26,D,morning,handheld_scanner,completed,,0,vision_based_inspection,synthetic
ORD-0132,2024-02-26 13:42,Packing,packing_operator,apparel,transfer,26,E,morning,handheld_scanner,completed,,0,packing_assist,synthetic
ORD-0132,2024-02-26 13:57,Loading Support,loading_support,apparel,transfer,26,F,morning,handheld_scanner,rework,wrong_location,34,AMR_AGV_transport,synthetic
ORD-0132,2024-02-26 14:06,Daily Report,admin_operator,apparel,transfer,26,Admin,morning,handheld_scanner,completed,,0,operational_intelligence_report,synthetic
ORD-0133,2024-01-07 12:01,Pick List Received,admin_operator,household_goods,outbound,35,Admin,morning,handheld_scanner,completed,,0,workflow_dashboard,synthetic
ORD-0133,2024-01-07 12:09,Location Search,warehouse_operator,household_goods,outbound,35,A,morning,handheld_scanner,completed,,0,AMR_route_support,synthetic
ORD-0133,2024-01-07 12:28,Item Picking,warehouse_operator,household_goods,outbound,35,A,morning,handheld_scanner,completed,,0,robotic_picking_support,synthetic
ORD-0133,2024-01-07 12:36,Barcode Scan,scan_operator,household_goods,outbound,35,B,morning,handheld_scanner,exception,label_mismatch,15,barcode_ocr_verification,synthetic
ORD-0133,2024-01-07 12:56,Exception Review,floor_supervisor,household_goods,outbound,35,Supervisor,morning,handheld_scanner,reviewed,label_mismatch,4,exception_decision_support,synthetic
ORD-0133,2024-01-07 13:01,Re-scan,scan_operator,household_goods,outbound,35,B,morning,handheld_scanner,completed,,0,barcode_ocr_verification,synthetic
ORD-0133,2024-01-07 13:19,Product Sorting,sort_operator,household_goods,outbound,35,C,morning,handheld_scanner,completed,,0,automated_sorting,synthetic
ORD-0133,2024-01-07 13:39,Inspection,inspection_operator,household_goods,outbound,35,D,morning,handheld_scanner,rework,temperature_hold,65,vision_based_inspection,synthetic
ORD-0133,2024-01-07 13:52,Packing,packing_operator,household_goods,outbound,35,E,morning,handheld_scanner,exception,missing_item,52,packing_assist,synthetic
ORD-0133,2024-01-07 14:09,Exception Review,floor_supervisor,household_goods,outbound,35,Supervisor,morning,handheld_scanner,reviewed,missing_item,8,exception_decision_support,synthetic
ORD-0133,2024-01-07 14:18,Re-inspection,inspection_operator,household_goods,outbound,35,D,morning,handheld_scanner,completed,,0,vision_based_inspection,synthetic
ORD-0133,2024-01-07 14:34,Loading Support,loading_support,household_goods,outbound,35,F,morning,handheld_scanner,completed,,0,AMR_AGV_transport,synthetic
ORD-0133,2024-01-07 14:42,Daily Report,admin_operator,household_goods,outbound,35,Admin,morning,handheld_scanner,completed,,0,operational_intelligence_report,synthetic
ORD-0134,2024-01-11 10:41,Pick List Received,admin_operator,household_goods,outbound,20,Admin,morning,pda_terminal,completed,,0,workflow_dashboard,synthetic
ORD-0134,2024-01-11 10:51,Location Search,warehouse_operator,household_goods,outbound,20,A,morning,pda_terminal,completed,,0,AMR_route_support,synthetic
ORD-0134,2024-01-11 11:06,Item Picking,warehouse_operator,household_goods,outbound,20,A,morning,pda_terminal,completed,,0,robotic_picking_support,synthetic
ORD-0134,2024-01-11 11:07,Barcode Scan,scan_operator,household_goods,outbound,20,B,morning,pda_terminal,rework,wrong_location,32,barcode_ocr_verification,synthetic
ORD-0134,2024-01-11 11:22,Product Sorting,sort_operator,household_goods,outbound,20,C,morning,pda_terminal,completed,,0,automated_sorting,synthetic
ORD-0134,2024-01-11 11:35,Inspection,inspection_operator,household_goods,outbound,20,D,morning,pda_terminal,rework,temperature_hold,63,vision_based_inspection,synthetic
ORD-0134,2024-01-11 11:44,Packing,packing_operator,household_goods,outbound,20,E,morning,pda_terminal,completed,,0,packing_assist,synthetic
ORD-0134,2024-01-11 12:00,Loading Support,loading_support,household_goods,outbound,20,F,morning,pda_terminal,completed,,0,AMR_AGV_transport,synthetic
ORD-0134,2024-01-11 12:05,Daily Report,admin_operator,household_goods,outbound,20,Admin,morning,pda_terminal,completed,,0,operational_intelligence_report,synthetic
ORD-0135,2024-02-05 15:45,Pick List Received,admin_operator,household_goods,return,35,Admin,afternoon,handheld_scanner,completed,,0,workflow_dashboard,synthetic
ORD-0135,2024-02-05 15:48,Location Search,warehouse_operator,household_goods,return,35,A,afternoon,handheld_scanner,completed,,0,AMR_route_support,synthetic
ORD-0135,2024-02-05 16:11,Item Picking,warehouse_operator,household_goods,return,35,A,afternoon,handheld_scanner,completed,,0,robotic_picking_support,synthetic
ORD-0135,2024-02-05 16:17,Barcode Scan,scan_operator,household_goods,return,35,B,afternoon,handheld_scanner,rework,scan_failure,12,barcode_ocr_verification,synthetic
ORD-0135,2024-02-05 16:35,Exception Review,floor_supervisor,household_goods,return,35,Supervisor,afternoon,handheld_scanner,reviewed,scan_failure,11,exception_decision_support,synthetic
ORD-0135,2024-02-05 16:38,Re-scan,scan_operator,household_goods,return,35,B,afternoon,handheld_scanner,completed,,0,barcode_ocr_verification,synthetic
ORD-0135,2024-02-05 16:47,Product Sorting,sort_operator,household_goods,return,35,C,afternoon,handheld_scanner,exception,station_congestion,50,automated_sorting,synthetic
ORD-0135,2024-02-05 16:55,Inspection,inspection_operator,household_goods,return,35,D,afternoon,handheld_scanner,exception,temperature_hold,27,vision_based_inspection,synthetic
ORD-0135,2024-02-05 17:15,Packing,packing_operator,household_goods,return,35,E,afternoon,handheld_scanner,rework,damaged_packaging,29,packing_assist,synthetic
ORD-0135,2024-02-05 17:40,Exception Review,floor_supervisor,household_goods,return,35,Supervisor,afternoon,handheld_scanner,reviewed,damaged_packaging,11,exception_decision_support,synthetic
ORD-0135,2024-02-05 17:57,Repacking,packing_operator,household_goods,return,35,E,afternoon,handheld_scanner,completed,,0,packing_assist,synthetic
ORD-0135,2024-02-05 18:15,Loading Support,loading_support,household_goods,return,35,F,afternoon,handheld_scanner,exception,station_congestion,17,AMR_AGV_transport,synthetic
ORD-0135,2024-02-05 18:17,Daily Report,admin_operator,household_goods,return,35,Admin,afternoon,handheld_scanner,completed,,0,operational_intelligence_report,synthetic
ORD-0136,2024-02-26 14:49,Pick List Received,admin_operator,apparel,return,36,Admin,afternoon,fixed_scanner,completed,,0,workflow_dashboard,synthetic
ORD-0136,2024-02-26 14:51,Location Search,warehouse_operator,apparel,return,36,A,afternoon,fixed_scanner,completed,,0,AMR_route_support,synthetic
ORD-0136,2024-02-26 15:04,Item Picking,warehouse_operator,apparel,return,36,A,afternoon,fixed_scanner,completed,,0,robotic_picking_support,synthetic
ORD-0136,2024-02-26 15:09,Barcode Scan,scan_operator,apparel,return,36,B,afternoon,fixed_scanner,completed,,0,barcode_ocr_verification,synthetic
ORD-0136,2024-02-26 15:17,Product Sorting,sort_operator,apparel,return,36,C,afternoon,fixed_scanner,completed,,0,automated_sorting,synthetic
ORD-0136,2024-02-26 15:21,Inspection,inspection_operator,apparel,return,36,D,afternoon,fixed_scanner,completed,,0,vision_based_inspection,synthetic
ORD-0136,2024-02-26 15:40,Packing,packing_operator,apparel,return,36,E,afternoon,fixed_scanner,completed,,0,packing_assist,synthetic
ORD-0136,2024-02-26 15:46,Loading Support,loading_support,apparel,return,36,F,afternoon,fixed_scanner,completed,,0,AMR_AGV_transport,synthetic
ORD-0136,2024-02-26 15:49,Daily Report,admin_operator,apparel,return,36,Admin,afternoon,fixed_scanner,completed,,0,operational_intelligence_report,synthetic
ORD-0137,2024-01-14 11:38,Pick List Received,admin_operator,household_goods,outbound,27,Admin,morning,pda_terminal,completed,,0,workflow_dashboard,synthetic
ORD-0137,2024-01-14 11:48,Location Search,warehouse_operator,household_goods,outbound,27,A,morning,pda_terminal,completed,,0,AMR_route_support,synthetic
ORD-0137,2024-01-14 12:11,Item Picking,warehouse_operator,household_goods,outbound,27,A,morning,pda_terminal,completed,,0,robotic_picking_support,synthetic
ORD-0137,2024-01-14 12:16,Barcode Scan,scan_operator,household_goods,outbound,27,B,morning,pda_terminal,exception,missing_item,52,barcode_ocr_verification,synthetic
ORD-0137,2024-01-14 12:34,Exception Review,floor_supervisor,household_goods,outbound,27,Supervisor,morning,pda_terminal,reviewed,missing_item,11,exception_decision_support,synthetic
ORD-0137,2024-01-14 12:39,Re-inspection,inspection_operator,household_goods,outbound,27,D,morning,pda_terminal,completed,,0,vision_based_inspection,synthetic
ORD-0137,2024-01-14 12:45,Product Sorting,sort_operator,household_goods,outbound,27,C,morning,pda_terminal,rework,quantity_mismatch,16,automated_sorting,synthetic
ORD-0137,2024-01-14 13:00,Exception Review,floor_supervisor,household_goods,outbound,27,Supervisor,morning,pda_terminal,reviewed,quantity_mismatch,18,exception_decision_support,synthetic
ORD-0137,2024-01-14 13:10,Re-inspection,inspection_operator,household_goods,outbound,27,D,morning,pda_terminal,completed,,0,vision_based_inspection,synthetic
ORD-0137,2024-01-14 13:20,Inspection,inspection_operator,household_goods,outbound,27,D,morning,pda_terminal,completed,,0,vision_based_inspection,synthetic
ORD-0137,2024-01-14 13:28,Packing,packing_operator,household_goods,outbound,27,E,morning,pda_terminal,rework,station_congestion,13,packing_assist,synthetic
ORD-0137,2024-01-14 13:41,Loading Support,loading_support,household_goods,outbound,27,F,morning,pda_terminal,completed,,0,AMR_AGV_transport,synthetic
ORD-0137,2024-01-14 13:47,Daily Report,admin_operator,household_goods,outbound,27,Admin,morning,pda_terminal,completed,,0,operational_intelligence_report,synthetic
ORD-0138,2024-02-02 19:58,Pick List Received,admin_operator,food,outbound,8,Admin,night,handheld_scanner,completed,,0,workflow_dashboard,synthetic
ORD-0138,2024-02-02 20:04,Location Search,warehouse_operator,food,outbound,8,A,night,handheld_scanner,completed,,0,AMR_route_support,synthetic
ORD-0138,2024-02-02 20:11,Item Picking,warehouse_operator,food,outbound,8,A,night,handheld_scanner,completed,,0,robotic_picking_support,synthetic
ORD-0138,2024-02-02 20:15,Barcode Scan,scan_operator,food,outbound,8,B,night,handheld_scanner,rework,scan_failure,12,barcode_ocr_verification,synthetic
ORD-0138,2024-02-02 20:28,Exception Review,floor_supervisor,food,outbound,8,Supervisor,night,handheld_scanner,reviewed,scan_failure,4,exception_decision_support,synthetic
ORD-0138,2024-02-02 20:32,Re-scan,scan_operator,food,outbound,8,B,night,handheld_scanner,completed,,0,barcode_ocr_verification,synthetic
ORD-0138,2024-02-02 20:50,Product Sorting,sort_operator,food,outbound,8,C,night,handheld_scanner,completed,,0,automated_sorting,synthetic
ORD-0138,2024-02-02 21:03,Inspection,inspection_operator,food,outbound,8,D,night,handheld_scanner,completed,,0,vision_based_inspection,synthetic
ORD-0138,2024-02-02 21:10,Packing,packing_operator,food,outbound,8,E,night,handheld_scanner,completed,,0,packing_assist,synthetic
ORD-0138,2024-02-02 21:37,Loading Support,loading_support,food,outbound,8,F,night,handheld_scanner,exception,station_congestion,39,AMR_AGV_transport,synthetic
ORD-0138,2024-02-02 21:39,Daily Report,admin_operator,food,outbound,8,Admin,night,handheld_scanner,completed,,0,operational_intelligence_report,synthetic
ORD-0139,2024-01-28 10:39,Pick List Received,admin_operator,food,outbound,9,Admin,morning,handheld_scanner,completed,,0,workflow_dashboard,synthetic
ORD-0139,2024-01-28 10:44,Location Search,warehouse_operator,food,outbound,9,A,morning,handheld_scanner,completed,,0,AMR_route_support,synthetic
ORD-0139,2024-01-28 11:05,Item Picking,warehouse_operator,food,outbound,9,A,morning,handheld_scanner,completed,,0,robotic_picking_support,synthetic
ORD-0139,2024-01-28 11:08,Barcode Scan,scan_operator,food,outbound,9,B,morning,handheld_scanner,completed,,0,barcode_ocr_verification,synthetic
ORD-0139,2024-01-28 11:24,Product Sorting,sort_operator,food,outbound,9,C,morning,handheld_scanner,completed,,0,automated_sorting,synthetic
ORD-0139,2024-01-28 11:37,Inspection,inspection_operator,food,outbound,9,D,morning,handheld_scanner,rework,missing_item,33,vision_based_inspection,synthetic
ORD-0139,2024-01-28 11:53,Exception Review,floor_supervisor,food,outbound,9,Supervisor,morning,handheld_scanner,reviewed,missing_item,10,exception_decision_support,synthetic
ORD-0139,2024-01-28 12:02,Re-inspection,inspection_operator,food,outbound,9,D,morning,handheld_scanner,completed,,0,vision_based_inspection,synthetic
ORD-0139,2024-01-28 12:18,Packing,packing_operator,food,outbound,9,E,morning,handheld_scanner,completed,,0,packing_assist,synthetic
ORD-0139,2024-01-28 12:41,Loading Support,loading_support,food,outbound,9,F,morning,handheld_scanner,rework,station_congestion,20,AMR_AGV_transport,synthetic
ORD-0139,2024-01-28 12:49,Daily Report,admin_operator,food,outbound,9,Admin,morning,handheld_scanner,completed,,0,operational_intelligence_report,synthetic
ORD-0140,2024-01-18 23:17,Pick List Received,admin_operator,food,outbound,11,Admin,night,fixed_scanner,completed,,0,workflow_dashboard,synthetic
ORD-0140,2024-01-18 23:20,Location Search,warehouse_operator,food,outbound,11,A,night,fixed_scanner,completed,,0,AMR_route_support,synthetic
ORD-0140,2024-01-18 23:32,Item Picking,warehouse_operator,food,outbound,11,A,night,fixed_scanner,completed,,0,robotic_picking_support,synthetic
ORD-0140,2024-01-18 23:36,Barcode Scan,scan_operator,food,outbound,11,B,night,fixed_scanner,rework,scan_failure,9,barcode_ocr_verification,synthetic
ORD-0140,2024-01-19 00:00,Exception Review,floor_supervisor,food,outbound,11,Supervisor,night,fixed_scanner,reviewed,scan_failure,6,exception_decision_support,synthetic
ORD-0140,2024-01-19 00:03,Re-scan,scan_operator,food,outbound,11,B,night,fixed_scanner,completed,,0,barcode_ocr_verification,synthetic
ORD-0140,2024-01-19 00:12,Product Sorting,sort_operator,food,outbound,11,C,night,fixed_scanner,exception,station_congestion,38,automated_sorting,synthetic
ORD-0140,2024-01-19 00:29,Inspection,inspection_operator,food,outbound,11,D,night,fixed_scanner,rework,scan_failure,16,vision_based_inspection,synthetic
ORD-0140,2024-01-19 00:36,Exception Review,floor_supervisor,food,outbound,11,Supervisor,night,fixed_scanner,reviewed,scan_failure,4,exception_decision_support,synthetic
ORD-0140,2024-01-19 00:41,Re-scan,scan_operator,food,outbound,11,B,night,fixed_scanner,completed,,0,barcode_ocr_verification,synthetic
ORD-0140,2024-01-19 00:46,Packing,packing_operator,food,outbound,11,E,night,fixed_scanner,rework,quantity_mismatch,27,packing_assist,synthetic
ORD-0140,2024-01-19 01:00,Exception Review,floor_supervisor,food,outbound,11,Supervisor,night,fixed_scanner,reviewed,quantity_mismatch,17,exception_decision_support,synthetic
ORD-0140,2024-01-19 01:13,Re-inspection,inspection_operator,food,outbound,11,D,night,fixed_scanner,completed,,0,vision_based_inspection,synthetic
ORD-0140,2024-01-19 01:29,Loading Support,loading_support,food,outbound,11,F,night,fixed_scanner,rework,wrong_location,15,AMR_AGV_transport,synthetic
ORD-0140,2024-01-19 01:33,Daily Report,admin_operator,food,outbound,11,Admin,night,fixed_scanner,completed,,0,operational_intelligence_report,synthetic
ORD-0141,2024-01-08 10:20,Pick List Received,admin_operator,apparel,outbound,17,Admin,morning,handheld_scanner,completed,,0,workflow_dashboard,synthetic
ORD-0141,2024-01-08 10:28,Location Search,warehouse_operator,apparel,outbound,17,A,morning,handheld_scanner,completed,,0,AMR_route_support,synthetic
ORD-0141,2024-01-08 10:42,Item Picking,warehouse_operator,apparel,outbound,17,A,morning,handheld_scanner,completed,,0,robotic_picking_support,synthetic
ORD-0141,2024-01-08 10:47,Barcode Scan,scan_operator,apparel,outbound,17,B,morning,handheld_scanner,completed,,0,barcode_ocr_verification,synthetic
ORD-0141,2024-01-08 10:58,Product Sorting,sort_operator,apparel,outbound,17,C,morning,handheld_scanner,exception,safety_delay,69,automated_sorting,synthetic
ORD-0141,2024-01-08 11:02,Inspection,inspection_operator,apparel,outbound,17,D,morning,handheld_scanner,exception,quantity_mismatch,23,vision_based_inspection,synthetic
ORD-0141,2024-01-08 11:22,Exception Review,floor_supervisor,apparel,outbound,17,Supervisor,morning,handheld_scanner,reviewed,quantity_mismatch,6,exception_decision_support,synthetic
ORD-0141,2024-01-08 11:32,Re-inspection,inspection_operator,apparel,outbound,17,D,morning,handheld_scanner,completed,,0,vision_based_inspection,synthetic
ORD-0141,2024-01-08 11:47,Packing,packing_operator,apparel,outbound,17,E,morning,handheld_scanner,completed,,0,packing_assist,synthetic
ORD-0141,2024-01-08 12:09,Loading Support,loading_support,apparel,outbound,17,F,morning,handheld_scanner,completed,,0,AMR_AGV_transport,synthetic
ORD-0141,2024-01-08 12:18,Daily Report,admin_operator,apparel,outbound,17,Admin,morning,handheld_scanner,completed,,0,operational_intelligence_report,synthetic
ORD-0142,2024-02-08 10:08,Pick List Received,admin_operator,apparel,outbound,23,Admin,morning,handheld_scanner,completed,,0,workflow_dashboard,synthetic
ORD-0142,2024-02-08 10:10,Location Search,warehouse_operator,apparel,outbound,23,A,morning,handheld_scanner,completed,,0,AMR_route_support,synthetic
ORD-0142,2024-02-08 10:31,Item Picking,warehouse_operator,apparel,outbound,23,A,morning,handheld_scanner,completed,,0,robotic_picking_support,synthetic
ORD-0142,2024-02-08 10:34,Barcode Scan,scan_operator,apparel,outbound,23,B,morning,handheld_scanner,exception,wrong_location,10,barcode_ocr_verification,synthetic
ORD-0142,2024-02-08 10:40,Product Sorting,sort_operator,apparel,outbound,23,C,morning,handheld_scanner,completed,,0,automated_sorting,synthetic
ORD-0142,2024-02-08 10:47,Inspection,inspection_operator,apparel,outbound,23,D,morning,handheld_scanner,rework,label_mismatch,21,vision_based_inspection,synthetic
ORD-0142,2024-02-08 11:12,Exception Review,floor_supervisor,apparel,outbound,23,Supervisor,morning,handheld_scanner,reviewed,label_mismatch,12,exception_decision_support,synthetic
ORD-0142,2024-02-08 11:16,Re-scan,scan_operator,apparel,outbound,23,B,morning,handheld_scanner,completed,,0,barcode_ocr_verification,synthetic
ORD-0142,2024-02-08 11:30,Packing,packing_operator,apparel,outbound,23,E,morning,handheld_scanner,completed,,0,packing_assist,synthetic
ORD-0142,2024-02-08 11:58,Loading Support,loading_support,apparel,outbound,23,F,morning,handheld_scanner,completed,,0,AMR_AGV_transport,synthetic
ORD-0142,2024-02-08 12:02,Daily Report,admin_operator,apparel,outbound,23,Admin,morning,handheld_scanner,completed,,0,operational_intelligence_report,synthetic
ORD-0143,2024-01-12 13:48,Pick List Received,admin_operator,apparel,outbound,21,Admin,afternoon,pda_terminal,completed,,0,workflow_dashboard,synthetic
ORD-0143,2024-01-12 13:53,Location Search,warehouse_operator,apparel,outbound,21,A,afternoon,pda_terminal,completed,,0,AMR_route_support,synthetic
ORD-0143,2024-01-12 14:10,Item Picking,warehouse_operator,apparel,outbound,21,A,afternoon,pda_terminal,completed,,0,robotic_picking_support,synthetic
ORD-0143,2024-01-12 14:12,Barcode Scan,scan_operator,apparel,outbound,21,B,afternoon,pda_terminal,exception,label_mismatch,18,barcode_ocr_verification,synthetic
ORD-0143,2024-01-12 14:32,Exception Review,floor_supervisor,apparel,outbound,21,Supervisor,afternoon,pda_terminal,reviewed,label_mismatch,9,exception_decision_support,synthetic
ORD-0143,2024-01-12 14:38,Re-scan,scan_operator,apparel,outbound,21,B,afternoon,pda_terminal,completed,,0,barcode_ocr_verification,synthetic
ORD-0143,2024-01-12 14:50,Product Sorting,sort_operator,apparel,outbound,21,C,afternoon,pda_terminal,completed,,0,automated_sorting,synthetic
ORD-0143,2024-01-12 14:57,Inspection,inspection_operator,apparel,outbound,21,D,afternoon,pda_terminal,exception,damaged_packaging,41,vision_based_inspection,synthetic
ORD-0143,2024-01-12 15:04,Exception Review,floor_supervisor,apparel,outbound,21,Supervisor,afternoon,pda_terminal,reviewed,damaged_packaging,18,exception_decision_support,synthetic
ORD-0143,2024-01-12 15:20,Repacking,packing_operator,apparel,outbound,21,E,afternoon,pda_terminal,completed,,0,packing_assist,synthetic
ORD-0143,2024-01-12 15:35,Packing,packing_operator,apparel,outbound,21,E,afternoon,pda_terminal,completed,,0,packing_assist,synthetic
ORD-0143,2024-01-12 15:53,Loading Support,loading_support,apparel,outbound,21,F,afternoon,pda_terminal,completed,,0,AMR_AGV_transport,synthetic
ORD-0143,2024-01-12 15:56,Daily Report,admin_operator,apparel,outbound,21,Admin,afternoon,pda_terminal,completed,,0,operational_intelligence_report,synthetic
ORD-0144,2024-01-22 14:03,Pick List Received,admin_operator,apparel,outbound,15,Admin,afternoon,pda_terminal,completed,,0,workflow_dashboard,synthetic
ORD-0144,2024-01-22 14:06,Location Search,warehouse_operator,apparel,outbound,15,A,afternoon,pda_terminal,completed,,0,AMR_route_support,synthetic
ORD-0144,2024-01-22 14:26,Item Picking,warehouse_operator,apparel,outbound,15,A,afternoon,pda_terminal,completed,,0,robotic_picking_support,synthetic
ORD-0144,2024-01-22 14:31,Barcode Scan,scan_operator,apparel,outbound,15,B,afternoon,pda_terminal,exception,scan_failure,18,barcode_ocr_verification,synthetic
ORD-0144,2024-01-22 14:38,Exception Review,floor_supervisor,apparel,outbound,15,Supervisor,afternoon,pda_terminal,reviewed,scan_failure,3,exception_decision_support,synthetic
ORD-0144,2024-01-22 14:43,Re-scan,scan_operator,apparel,outbound,15,B,afternoon,pda_terminal,completed,,0,barcode_ocr_verification,synthetic
ORD-0144,2024-01-22 14:49,Product Sorting,sort_operator,apparel,outbound,15,C,afternoon,pda_terminal,exception,safety_delay,20,automated_sorting,synthetic
ORD-0144,2024-01-22 14:52,Inspection,inspection_operator,apparel,outbound,15,D,afternoon,pda_terminal,rework,quantity_mismatch,13,vision_based_inspection,synthetic
ORD-0144,2024-01-22 15:07,Exception Review,floor_supervisor,apparel,outbound,15,Supervisor,afternoon,pda_terminal,reviewed,quantity_mismatch,19,exception_decision_support,synthetic
ORD-0144,2024-01-22 15:22,Re-inspection,inspection_operator,apparel,outbound,15,D,afternoon,pda_terminal,completed,,0,vision_based_inspection,synthetic
ORD-0144,2024-01-22 15:40,Packing,packing_operator,apparel,outbound,15,E,afternoon,pda_terminal,completed,,0,packing_assist,synthetic
ORD-0144,2024-01-22 15:53,Loading Support,loading_support,apparel,outbound,15,F,afternoon,pda_terminal,rework,safety_delay,70,AMR_AGV_transport,synthetic
ORD-0144,2024-01-22 16:01,Daily Report,admin_operator,apparel,outbound,15,Admin,afternoon,pda_terminal,completed,,0,operational_intelligence_report,synthetic
ORD-0145,2024-03-01 12:12,Pick List Received,admin_operator,food,outbound,11,Admin,morning,pda_terminal,completed,,0,workflow_dashboard,synthetic
ORD-0145,2024-03-01 12:20,Location Search,warehouse_operator,food,outbound,11,A,morning,pda_terminal,completed,,0,AMR_route_support,synthetic
ORD-0145,2024-03-01 12:34,Item Picking,warehouse_operator,food,outbound,11,A,morning,pda_terminal,completed,,0,robotic_picking_support,synthetic
ORD-0145,2024-03-01 12:36,Barcode Scan,scan_operator,food,outbound,11,B,morning,pda_terminal,exception,scan_failure,18,barcode_ocr_verification,synthetic
ORD-0145,2024-03-01 13:01,Exception Review,floor_supervisor,food,outbound,11,Supervisor,morning,pda_terminal,reviewed,scan_failure,6,exception_decision_support,synthetic
ORD-0145,2024-03-01 13:05,Re-scan,scan_operator,food,outbound,11,B,morning,pda_terminal,completed,,0,barcode_ocr_verification,synthetic
ORD-0145,2024-03-01 13:14,Product Sorting,sort_operator,food,outbound,11,C,morning,pda_terminal,rework,scan_failure,12,automated_sorting,synthetic
ORD-0145,2024-03-01 13:34,Exception Review,floor_supervisor,food,outbound,11,Supervisor,morning,pda_terminal,reviewed,scan_failure,10,exception_decision_support,synthetic
ORD-0145,2024-03-01 13:35,Re-scan,scan_operator,food,outbound,11,B,morning,pda_terminal,completed,,0,barcode_ocr_verification,synthetic
ORD-0145,2024-03-01 13:52,Inspection,inspection_operator,food,outbound,11,D,morning,pda_terminal,exception,temperature_hold,83,vision_based_inspection,synthetic
ORD-0145,2024-03-01 14:14,Packing,packing_operator,food,outbound,11,E,morning,pda_terminal,completed,,0,packing_assist,synthetic
ORD-0145,2024-03-01 14:36,Loading Support,loading_support,food,outbound,11,F,morning,pda_terminal,completed,,0,AMR_AGV_transport,synthetic
ORD-0145,2024-03-01 14:38,Daily Report,admin_operator,food,outbound,11,Admin,morning,pda_terminal,completed,,0,operational_intelligence_report,synthetic
ORD-0146,2024-01-10 17:06,Pick List Received,admin_operator,household_goods,outbound,32,Admin,afternoon,handheld_scanner,completed,,0,workflow_dashboard,synthetic
ORD-0146,2024-01-10 17:12,Location Search,warehouse_operator,household_goods,outbound,32,A,afternoon,handheld_scanner,completed,,0,AMR_route_support,synthetic
ORD-0146,2024-01-10 17:37,Item Picking,warehouse_operator,household_goods,outbound,32,A,afternoon,handheld_scanner,completed,,0,robotic_picking_support,synthetic
ORD-0146,2024-01-10 17:44,Barcode Scan,scan_operator,household_goods,outbound,32,B,afternoon,handheld_scanner,completed,,0,barcode_ocr_verification,synthetic
ORD-0146,2024-01-10 17:50,Product Sorting,sort_operator,household_goods,outbound,32,C,afternoon,handheld_scanner,rework,station_congestion,28,automated_sorting,synthetic
ORD-0146,2024-01-10 18:08,Inspection,inspection_operator,household_goods,outbound,32,D,afternoon,handheld_scanner,exception,damaged_packaging,31,vision_based_inspection,synthetic
ORD-0146,2024-01-10 18:25,Exception Review,floor_supervisor,household_goods,outbound,32,Supervisor,afternoon,handheld_scanner,reviewed,damaged_packaging,18,exception_decision_support,synthetic
ORD-0146,2024-01-10 18:42,Repacking,packing_operator,household_goods,outbound,32,E,afternoon,handheld_scanner,completed,,0,packing_assist,synthetic
ORD-0146,2024-01-10 18:57,Packing,packing_operator,household_goods,outbound,32,E,afternoon,handheld_scanner,completed,,0,packing_assist,synthetic
ORD-0146,2024-01-10 19:27,Loading Support,loading_support,household_goods,outbound,32,F,afternoon,handheld_scanner,completed,,0,AMR_AGV_transport,synthetic
ORD-0146,2024-01-10 19:31,Daily Report,admin_operator,household_goods,outbound,32,Admin,afternoon,handheld_scanner,completed,,0,operational_intelligence_report,synthetic
ORD-0147,2024-01-28 17:24,Pick List Received,admin_operator,food,outbound,31,Admin,afternoon,handheld_scanner,completed,,0,workflow_dashboard,synthetic
ORD-0147,2024-01-28 17:33,Location Search,warehouse_operator,food,outbound,31,A,afternoon,handheld_scanner,completed,,0,AMR_route_support,synthetic
ORD-0147,2024-01-28 17:47,Item Picking,warehouse_operator,food,outbound,31,A,afternoon,handheld_scanner,completed,,0,robotic_picking_support,synthetic
ORD-0147,2024-01-28 17:51,Barcode Scan,scan_operator,food,outbound,31,B,afternoon,handheld_scanner,exception,scan_failure,10,barcode_ocr_verification,synthetic
ORD-0147,2024-01-28 17:57,Exception Review,floor_supervisor,food,outbound,31,Supervisor,afternoon,handheld_scanner,reviewed,scan_failure,4,exception_decision_support,synthetic
ORD-0147,2024-01-28 18:00,Re-scan,scan_operator,food,outbound,31,B,afternoon,handheld_scanner,completed,,0,barcode_ocr_verification,synthetic
ORD-0147,2024-01-28 18:16,Product Sorting,sort_operator,food,outbound,31,C,afternoon,handheld_scanner,exception,quantity_mismatch,16,automated_sorting,synthetic
ORD-0147,2024-01-28 18:25,Exception Review,floor_supervisor,food,outbound,31,Supervisor,afternoon,handheld_scanner,reviewed,quantity_mismatch,8,exception_decision_support,synthetic
ORD-0147,2024-01-28 18:39,Re-inspection,inspection_operator,food,outbound,31,D,afternoon,handheld_scanner,completed,,0,vision_based_inspection,synthetic
ORD-0147,2024-01-28 18:43,Inspection,inspection_operator,food,outbound,31,D,afternoon,handheld_scanner,completed,,0,vision_based_inspection,synthetic
ORD-0147,2024-01-28 19:01,Packing,packing_operator,food,outbound,31,E,afternoon,handheld_scanner,completed,,0,packing_assist,synthetic
ORD-0147,2024-01-28 19:30,Loading Support,loading_support,food,outbound,31,F,afternoon,handheld_scanner,exception,damaged_packaging,12,AMR_AGV_transport,synthetic
ORD-0147,2024-01-28 19:41,Exception Review,floor_supervisor,food,outbound,31,Supervisor,afternoon,handheld_scanner,reviewed,damaged_packaging,16,exception_decision_support,synthetic
ORD-0147,2024-01-28 19:47,Repacking,packing_operator,food,outbound,31,E,afternoon,handheld_scanner,completed,,0,packing_assist,synthetic
ORD-0147,2024-01-28 19:53,Daily Report,admin_operator,food,outbound,31,Admin,afternoon,handheld_scanner,completed,,0,operational_intelligence_report,synthetic
ORD-0148,2024-02-18 14:46,Pick List Received,admin_operator,cosmetics,return,7,Admin,afternoon,handheld_scanner,completed,,0,workflow_dashboard,synthetic
ORD-0148,2024-02-18 14:54,Location Search,warehouse_operator,cosmetics,return,7,A,afternoon,handheld_scanner,completed,,0,AMR_route_support,synthetic
ORD-0148,2024-02-18 14:59,Item Picking,warehouse_operator,cosmetics,return,7,A,afternoon,handheld_scanner,completed,,0,robotic_picking_support,synthetic
ORD-0148,2024-02-18 15:03,Barcode Scan,scan_operator,cosmetics,return,7,B,afternoon,handheld_scanner,completed,,0,barcode_ocr_verification,synthetic
ORD-0148,2024-02-18 15:21,Product Sorting,sort_operator,cosmetics,return,7,C,afternoon,handheld_scanner,rework,wrong_location,21,automated_sorting,synthetic
ORD-0148,2024-02-18 15:37,Inspection,inspection_operator,cosmetics,return,7,D,afternoon,handheld_scanner,completed,,0,vision_based_inspection,synthetic
ORD-0148,2024-02-18 15:45,Packing,packing_operator,cosmetics,return,7,E,afternoon,handheld_scanner,completed,,0,packing_assist,synthetic
ORD-0148,2024-02-18 16:03,Loading Support,loading_support,cosmetics,return,7,F,afternoon,handheld_scanner,completed,,0,AMR_AGV_transport,synthetic
ORD-0148,2024-02-18 16:12,Daily Report,admin_operator,cosmetics,return,7,Admin,afternoon,handheld_scanner,completed,,0,operational_intelligence_report,synthetic
ORD-0149,2024-01-04 13:54,Pick List Received,admin_operator,mixed_goods,outbound,2,Admin,afternoon,handheld_scanner,completed,,0,workflow_dashboard,synthetic
ORD-0149,2024-01-04 13:58,Location Search,warehouse_operator,mixed_goods,outbound,2,A,afternoon,handheld_scanner,completed,,0,AMR_route_support,synthetic
ORD-0149,2024-01-04 14:16,Item Picking,warehouse_operator,mixed_goods,outbound,2,A,afternoon,handheld_scanner,completed,,0,robotic_picking_support,synthetic
ORD-0149,2024-01-04 14:17,Barcode Scan,scan_operator,mixed_goods,outbound,2,B,afternoon,handheld_scanner,exception,damaged_packaging,43,barcode_ocr_verification,synthetic
ORD-0149,2024-01-04 14:31,Exception Review,floor_supervisor,mixed_goods,outbound,2,Supervisor,afternoon,handheld_scanner,reviewed,damaged_packaging,15,exception_decision_support,synthetic
ORD-0149,2024-01-04 14:49,Repacking,packing_operator,mixed_goods,outbound,2,E,afternoon,handheld_scanner,completed,,0,packing_assist,synthetic
ORD-0149,2024-01-04 15:03,Product Sorting,sort_operator,mixed_goods,outbound,2,C,afternoon,handheld_scanner,exception,label_mismatch,22,automated_sorting,synthetic
ORD-0149,2024-01-04 15:19,Exception Review,floor_supervisor,mixed_goods,outbound,2,Supervisor,afternoon,handheld_scanner,reviewed,label_mismatch,9,exception_decision_support,synthetic
ORD-0149,2024-01-04 15:21,Re-scan,scan_operator,mixed_goods,outbound,2,B,afternoon,handheld_scanner,completed,,0,barcode_ocr_verification,synthetic
ORD-0149,2024-01-04 15:33,Inspection,inspection_operator,mixed_goods,outbound,2,D,afternoon,handheld_scanner,rework,scan_failure,16,vision_based_inspection,synthetic
ORD-0149,2024-01-04 15:54,Exception Review,floor_supervisor,mixed_goods,outbound,2,Supervisor,afternoon,handheld_scanner,reviewed,scan_failure,11,exception_decision_support,synthetic
ORD-0149,2024-01-04 15:57,Re-scan,scan_operator,mixed_goods,outbound,2,B,afternoon,handheld_scanner,completed,,0,barcode_ocr_verification,synthetic
ORD-0149,2024-01-04 16:17,Packing,packing_operator,mixed_goods,outbound,2,E,afternoon,handheld_scanner,rework,missing_item,31,packing_assist,synthetic
ORD-0149,2024-01-04 16:35,Exception Review,floor_supervisor,mixed_goods,outbound,2,Supervisor,afternoon,handheld_scanner,reviewed,missing_item,8,exception_decision_support,synthetic
ORD-0149,2024-01-04 16:49,Re-inspection,inspection_operator,mixed_goods,outbound,2,D,afternoon,handheld_scanner,completed,,0,vision_based_inspection,synthetic
ORD-0149,2024-01-04 16:55,Loading Support,loading_support,mixed_goods,outbound,2,F,afternoon,handheld_scanner,completed,,0,AMR_AGV_transport,synthetic
ORD-0149,2024-01-04 17:01,Daily Report,admin_operator,mixed_goods,outbound,2,Admin,afternoon,handheld_scanner,completed,,0,operational_intelligence_report,synthetic
ORD-0150,2024-01-03 12:19,Pick List Received,admin_operator,food,outbound,8,Admin,morning,handheld_scanner,completed,,0,workflow_dashboard,synthetic
ORD-0150,2024-01-03 12:26,Location Search,warehouse_operator,food,outbound,8,A,morning,handheld_scanner,completed,,0,AMR_route_support,synthetic
ORD-0150,2024-01-03 12:40,Item Picking,warehouse_operator,food,outbound,8,A,morning,handheld_scanner,completed,,0,robotic_picking_support,synthetic
ORD-0150,2024-01-03 12:45,Barcode Scan,scan_operator,food,outbound,8,B,morning,handheld_scanner,completed,,0,barcode_ocr_verification,synthetic
ORD-0150,2024-01-03 12:52,Product Sorting,sort_operator,food,outbound,8,C,morning,handheld_scanner,completed,,0,automated_sorting,synthetic
ORD-0150,2024-01-03 13:11,Inspection,inspection_operator,food,outbound,8,D,morning,handheld_scanner,completed,,0,vision_based_inspection,synthetic
ORD-0150,2024-01-03 13:18,Packing,packing_operator,food,outbound,8,E,morning,handheld_scanner,rework,missing_item,42,packing_assist,synthetic
ORD-0150,2024-01-03 13:24,Exception Review,floor_supervisor,food,outbound,8,Supervisor,morning,handheld_scanner,reviewed,missing_item,18,exception_decision_support,synthetic
ORD-0150,2024-01-03 13:29,Re-inspection,inspection_operator,food,outbound,8,D,morning,handheld_scanner,completed,,0,vision_based_inspection,synthetic
ORD-0150,2024-01-03 13:49,Loading Support,loading_support,food,outbound,8,F,morning,handheld_scanner,exception,station_congestion,26,AMR_AGV_transport,synthetic
ORD-0150,2024-01-03 13:57,Daily Report,admin_operator,food,outbound,8,Admin,morning,handheld_scanner,completed,,0,operational_intelligence_report,synthetic
ORD-0151,2024-01-21 22:39,Pick List Received,admin_operator,mixed_goods,outbound,27,Admin,night,pda_terminal,completed,,0,workflow_dashboard,synthetic
ORD-0151,2024-01-21 22:44,Location Search,warehouse_operator,mixed_goods,outbound,27,A,night,pda_terminal,completed,,0,AMR_route_support,synthetic
ORD-0151,2024-01-21 23:03,Item Picking,warehouse_operator,mixed_goods,outbound,27,A,night,pda_terminal,completed,,0,robotic_picking_support,synthetic
ORD-0151,2024-01-21 23:11,Barcode Scan,scan_operator,mixed_goods,outbound,27,B,night,pda_terminal,exception,label_mismatch,17,barcode_ocr_verification,synthetic
ORD-0151,2024-01-21 23:17,Exception Review,floor_supervisor,mixed_goods,outbound,27,Supervisor,night,pda_terminal,reviewed,label_mismatch,11,exception_decision_support,synthetic
ORD-0151,2024-01-21 23:19,Re-scan,scan_operator,mixed_goods,outbound,27,B,night,pda_terminal,completed,,0,barcode_ocr_verification,synthetic
ORD-0151,2024-01-21 23:25,Product Sorting,sort_operator,mixed_goods,outbound,27,C,night,pda_terminal,rework,missing_item,24,automated_sorting,synthetic
ORD-0151,2024-01-21 23:31,Exception Review,floor_supervisor,mixed_goods,outbound,27,Supervisor,night,pda_terminal,reviewed,missing_item,14,exception_decision_support,synthetic
ORD-0151,2024-01-21 23:38,Re-inspection,inspection_operator,mixed_goods,outbound,27,D,night,pda_terminal,completed,,0,vision_based_inspection,synthetic
ORD-0151,2024-01-21 23:47,Inspection,inspection_operator,mixed_goods,outbound,27,D,night,pda_terminal,rework,quantity_mismatch,25,vision_based_inspection,synthetic
ORD-0151,2024-01-22 00:10,Exception Review,floor_supervisor,mixed_goods,outbound,27,Supervisor,night,pda_terminal,reviewed,quantity_mismatch,19,exception_decision_support,synthetic
ORD-0151,2024-01-22 00:18,Re-inspection,inspection_operator,mixed_goods,outbound,27,D,night,pda_terminal,completed,,0,vision_based_inspection,synthetic
ORD-0151,2024-01-22 00:34,Packing,packing_operator,mixed_goods,outbound,27,E,night,pda_terminal,rework,temperature_hold,77,packing_assist,synthetic
ORD-0151,2024-01-22 00:43,Loading Support,loading_support,mixed_goods,outbound,27,F,night,pda_terminal,completed,,0,AMR_AGV_transport,synthetic
ORD-0151,2024-01-22 00:50,Daily Report,admin_operator,mixed_goods,outbound,27,Admin,night,pda_terminal,completed,,0,operational_intelligence_report,synthetic
ORD-0152,2024-02-22 14:20,Pick List Received,admin_operator,apparel,outbound,25,Admin,afternoon,handheld_scanner,completed,,0,workflow_dashboard,synthetic
ORD-0152,2024-02-22 14:23,Location Search,warehouse_operator,apparel,outbound,25,A,afternoon,handheld_scanner,completed,,0,AMR_route_support,synthetic
ORD-0152,2024-02-22 14:33,Item Picking,warehouse_operator,apparel,outbound,25,A,afternoon,handheld_scanner,completed,,0,robotic_picking_support,synthetic
ORD-0152,2024-02-22 14:34,Barcode Scan,scan_operator,apparel,outbound,25,B,afternoon,handheld_scanner,completed,,0,barcode_ocr_verification,synthetic
ORD-0152,2024-02-22 14:46,Product Sorting,sort_operator,apparel,outbound,25,C,afternoon,handheld_scanner,completed,,0,automated_sorting,synthetic
ORD-0152,2024-02-22 14:52,Inspection,inspection_operator,apparel,outbound,25,D,afternoon,handheld_scanner,completed,,0,vision_based_inspection,synthetic
ORD-0152,2024-02-22 14:58,Packing,packing_operator,apparel,outbound,25,E,afternoon,handheld_scanner,rework,damaged_packaging,22,packing_assist,synthetic
ORD-0152,2024-02-22 15:20,Exception Review,floor_supervisor,apparel,outbound,25,Supervisor,afternoon,handheld_scanner,reviewed,damaged_packaging,10,exception_decision_support,synthetic
ORD-0152,2024-02-22 15:24,Repacking,packing_operator,apparel,outbound,25,E,afternoon,handheld_scanner,completed,,0,packing_assist,synthetic
ORD-0152,2024-02-22 15:37,Loading Support,loading_support,apparel,outbound,25,F,afternoon,handheld_scanner,completed,,0,AMR_AGV_transport,synthetic
ORD-0152,2024-02-22 15:42,Daily Report,admin_operator,apparel,outbound,25,Admin,afternoon,handheld_scanner,completed,,0,operational_intelligence_report,synthetic
ORD-0153,2024-02-13 13:34,Pick List Received,admin_operator,cosmetics,return,6,Admin,afternoon,pda_terminal,completed,,0,workflow_dashboard,synthetic
ORD-0153,2024-02-13 13:42,Location Search,warehouse_operator,cosmetics,return,6,A,afternoon,pda_terminal,completed,,0,AMR_route_support,synthetic
ORD-0153,2024-02-13 13:52,Item Picking,warehouse_operator,cosmetics,return,6,A,afternoon,pda_terminal,completed,,0,robotic_picking_support,synthetic
ORD-0153,2024-02-13 13:59,Barcode Scan,scan_operator,cosmetics,return,6,B,afternoon,pda_terminal,rework,label_mismatch,18,barcode_ocr_verification,synthetic
ORD-0153,2024-02-13 14:09,Exception Review,floor_supervisor,cosmetics,return,6,Supervisor,afternoon,pda_terminal,reviewed,label_mismatch,7,exception_decision_support,synthetic
ORD-0153,2024-02-13 14:10,Re-scan,scan_operator,cosmetics,return,6,B,afternoon,pda_terminal,completed,,0,barcode_ocr_verification,synthetic
ORD-0153,2024-02-13 14:17,Product Sorting,sort_operator,cosmetics,return,6,C,afternoon,pda_terminal,exception,wrong_location,15,automated_sorting,synthetic
ORD-0153,2024-02-13 14:23,Inspection,inspection_operator,cosmetics,return,6,D,afternoon,pda_terminal,exception,damaged_packaging,17,vision_based_inspection,synthetic
ORD-0153,2024-02-13 14:43,Exception Review,floor_supervisor,cosmetics,return,6,Supervisor,afternoon,pda_terminal,reviewed,damaged_packaging,17,exception_decision_support,synthetic
ORD-0153,2024-02-13 14:48,Repacking,packing_operator,cosmetics,return,6,E,afternoon,pda_terminal,completed,,0,packing_assist,synthetic
ORD-0153,2024-02-13 15:00,Packing,packing_operator,cosmetics,return,6,E,afternoon,pda_terminal,rework,quantity_mismatch,23,packing_assist,synthetic
ORD-0153,2024-02-13 15:22,Exception Review,floor_supervisor,cosmetics,return,6,Supervisor,afternoon,pda_terminal,reviewed,quantity_mismatch,8,exception_decision_support,synthetic
ORD-0153,2024-02-13 15:28,Re-inspection,inspection_operator,cosmetics,return,6,D,afternoon,pda_terminal,completed,,0,vision_based_inspection,synthetic
ORD-0153,2024-02-13 15:57,Loading Support,loading_support,cosmetics,return,6,F,afternoon,pda_terminal,completed,,0,AMR_AGV_transport,synthetic
ORD-0153,2024-02-13 16:01,Daily Report,admin_operator,cosmetics,return,6,Admin,afternoon,pda_terminal,completed,,0,operational_intelligence_report,synthetic
ORD-0154,2024-01-21 11:08,Pick List Received,admin_operator,household_goods,outbound,33,Admin,morning,handheld_scanner,completed,,0,workflow_dashboard,synthetic
ORD-0154,2024-01-21 11:18,Location Search,warehouse_operator,household_goods,outbound,33,A,morning,handheld_scanner,completed,,0,AMR_route_support,synthetic
ORD-0154,2024-01-21 11:37,Item Picking,warehouse_operator,household_goods,outbound,33,A,morning,handheld_scanner,completed,,0,robotic_picking_support,synthetic
ORD-0154,2024-01-21 11:38,Barcode Scan,scan_operator,household_goods,outbound,33,B,morning,handheld_scanner,rework,label_mismatch,15,barcode_ocr_verification,synthetic
ORD-0154,2024-01-21 11:55,Exception Review,floor_supervisor,household_goods,outbound,33,Supervisor,morning,handheld_scanner,reviewed,label_mismatch,8,exception_decision_support,synthetic
ORD-0154,2024-01-21 12:01,Re-scan,scan_operator,household_goods,outbound,33,B,morning,handheld_scanner,completed,,0,barcode_ocr_verification,synthetic
ORD-0154,2024-01-21 12:10,Product Sorting,sort_operator,household_goods,outbound,33,C,morning,handheld_scanner,completed,,0,automated_sorting,synthetic
ORD-0154,2024-01-21 12:29,Inspection,inspection_operator,household_goods,outbound,33,D,morning,handheld_scanner,exception,damaged_packaging,35,vision_based_inspection,synthetic
ORD-0154,2024-01-21 12:47,Exception Review,floor_supervisor,household_goods,outbound,33,Supervisor,morning,handheld_scanner,reviewed,damaged_packaging,11,exception_decision_support,synthetic
ORD-0154,2024-01-21 13:00,Repacking,packing_operator,household_goods,outbound,33,E,morning,handheld_scanner,completed,,0,packing_assist,synthetic
ORD-0154,2024-01-21 13:20,Packing,packing_operator,household_goods,outbound,33,E,morning,handheld_scanner,completed,,0,packing_assist,synthetic
ORD-0154,2024-01-21 13:35,Loading Support,loading_support,household_goods,outbound,33,F,morning,handheld_scanner,completed,,0,AMR_AGV_transport,synthetic
ORD-0154,2024-01-21 13:42,Daily Report,admin_operator,household_goods,outbound,33,Admin,morning,handheld_scanner,completed,,0,operational_intelligence_report,synthetic
ORD-0155,2024-02-13 15:11,Pick List Received,admin_operator,food,transfer,18,Admin,afternoon,handheld_scanner,completed,,0,workflow_dashboard,synthetic
ORD-0155,2024-02-13 15:13,Location Search,warehouse_operator,food,transfer,18,A,afternoon,handheld_scanner,completed,,0,AMR_route_support,synthetic
ORD-0155,2024-02-13 15:22,Item Picking,warehouse_operator,food,transfer,18,A,afternoon,handheld_scanner,completed,,0,robotic_picking_support,synthetic
ORD-0155,2024-02-13 15:23,Barcode Scan,scan_operator,food,transfer,18,B,afternoon,handheld_scanner,completed,,0,barcode_ocr_verification,synthetic
ORD-0155,2024-02-13 15:26,Product Sorting,sort_operator,food,transfer,18,C,afternoon,handheld_scanner,completed,,0,automated_sorting,synthetic
ORD-0155,2024-02-13 15:34,Inspection,inspection_operator,food,transfer,18,D,afternoon,handheld_scanner,rework,missing_item,56,vision_based_inspection,synthetic
ORD-0155,2024-02-13 15:53,Exception Review,floor_supervisor,food,transfer,18,Supervisor,afternoon,handheld_scanner,reviewed,missing_item,8,exception_decision_support,synthetic
ORD-0155,2024-02-13 16:01,Re-inspection,inspection_operator,food,transfer,18,D,afternoon,handheld_scanner,completed,,0,vision_based_inspection,synthetic
ORD-0155,2024-02-13 16:17,Packing,packing_operator,food,transfer,18,E,afternoon,handheld_scanner,completed,,0,packing_assist,synthetic
ORD-0155,2024-02-13 16:33,Loading Support,loading_support,food,transfer,18,F,afternoon,handheld_scanner,rework,safety_delay,15,AMR_AGV_transport,synthetic
ORD-0155,2024-02-13 16:35,Daily Report,admin_operator,food,transfer,18,Admin,afternoon,handheld_scanner,completed,,0,operational_intelligence_report,synthetic
ORD-0156,2024-02-10 14:54,Pick List Received,admin_operator,cosmetics,outbound,13,Admin,afternoon,handheld_scanner,completed,,0,workflow_dashboard,synthetic
ORD-0156,2024-02-10 15:00,Location Search,warehouse_operator,cosmetics,outbound,13,A,afternoon,handheld_scanner,completed,,0,AMR_route_support,synthetic
ORD-0156,2024-02-10 15:20,Item Picking,warehouse_operator,cosmetics,outbound,13,A,afternoon,handheld_scanner,completed,,0,robotic_picking_support,synthetic
ORD-0156,2024-02-10 15:24,Barcode Scan,scan_operator,cosmetics,outbound,13,B,afternoon,handheld_scanner,rework,label_mismatch,18,barcode_ocr_verification,synthetic
ORD-0156,2024-02-10 15:35,Exception Review,floor_supervisor,cosmetics,outbound,13,Supervisor,afternoon,handheld_scanner,reviewed,label_mismatch,12,exception_decision_support,synthetic
ORD-0156,2024-02-10 15:41,Re-scan,scan_operator,cosmetics,outbound,13,B,afternoon,handheld_scanner,completed,,0,barcode_ocr_verification,synthetic
ORD-0156,2024-02-10 15:49,Product Sorting,sort_operator,cosmetics,outbound,13,C,afternoon,handheld_scanner,exception,label_mismatch,8,automated_sorting,synthetic
ORD-0156,2024-02-10 16:11,Exception Review,floor_supervisor,cosmetics,outbound,13,Supervisor,afternoon,handheld_scanner,reviewed,label_mismatch,12,exception_decision_support,synthetic
ORD-0156,2024-02-10 16:14,Re-scan,scan_operator,cosmetics,outbound,13,B,afternoon,handheld_scanner,completed,,0,barcode_ocr_verification,synthetic
ORD-0156,2024-02-10 16:34,Inspection,inspection_operator,cosmetics,outbound,13,D,afternoon,handheld_scanner,completed,,0,vision_based_inspection,synthetic
ORD-0156,2024-02-10 16:38,Packing,packing_operator,cosmetics,outbound,13,E,afternoon,handheld_scanner,completed,,0,packing_assist,synthetic
ORD-0156,2024-02-10 17:03,Loading Support,loading_support,cosmetics,outbound,13,F,afternoon,handheld_scanner,completed,,0,AMR_AGV_transport,synthetic
ORD-0156,2024-02-10 17:05,Daily Report,admin_operator,cosmetics,outbound,13,Admin,afternoon,handheld_scanner,completed,,0,operational_intelligence_report,synthetic
ORD-0157,2024-03-02 16:18,Pick List Received,admin_operator,cosmetics,outbound,27,Admin,afternoon,handheld_scanner,completed,,0,workflow_dashboard,synthetic
ORD-0157,2024-03-02 16:20,Location Search,warehouse_operator,cosmetics,outbound,27,A,afternoon,handheld_scanner,completed,,0,AMR_route_support,synthetic
ORD-0157,2024-03-02 16:33,Item Picking,warehouse_operator,cosmetics,outbound,27,A,afternoon,handheld_scanner,completed,,0,robotic_picking_support,synthetic
ORD-0157,2024-03-02 16:40,Barcode Scan,scan_operator,cosmetics,outbound,27,B,afternoon,handheld_scanner,exception,station_congestion,11,barcode_ocr_verification,synthetic
ORD-0157,2024-03-02 16:56,Product Sorting,sort_operator,cosmetics,outbound,27,C,afternoon,handheld_scanner,completed,,0,automated_sorting,synthetic
ORD-0157,2024-03-02 17:06,Inspection,inspection_operator,cosmetics,outbound,27,D,afternoon,handheld_scanner,exception,quantity_mismatch,28,vision_based_inspection,synthetic
ORD-0157,2024-03-02 17:29,Exception Review,floor_supervisor,cosmetics,outbound,27,Supervisor,afternoon,handheld_scanner,reviewed,quantity_mismatch,15,exception_decision_support,synthetic
ORD-0157,2024-03-02 17:36,Re-inspection,inspection_operator,cosmetics,outbound,27,D,afternoon,handheld_scanner,completed,,0,vision_based_inspection,synthetic
ORD-0157,2024-03-02 17:47,Packing,packing_operator,cosmetics,outbound,27,E,afternoon,handheld_scanner,exception,damaged_packaging,31,packing_assist,synthetic
ORD-0157,2024-03-02 17:55,Exception Review,floor_supervisor,cosmetics,outbound,27,Supervisor,afternoon,handheld_scanner,reviewed,damaged_packaging,19,exception_decision_support,synthetic
ORD-0157,2024-03-02 18:08,Repacking,packing_operator,cosmetics,outbound,27,E,afternoon,handheld_scanner,completed,,0,packing_assist,synthetic
ORD-0157,2024-03-02 18:16,Loading Support,loading_support,cosmetics,outbound,27,F,afternoon,handheld_scanner,exception,damaged_packaging,14,AMR_AGV_transport,synthetic
ORD-0157,2024-03-02 18:22,Exception Review,floor_supervisor,cosmetics,outbound,27,Supervisor,afternoon,handheld_scanner,reviewed,damaged_packaging,14,exception_decision_support,synthetic
ORD-0157,2024-03-02 18:35,Repacking,packing_operator,cosmetics,outbound,27,E,afternoon,handheld_scanner,completed,,0,packing_assist,synthetic
ORD-0157,2024-03-02 18:43,Daily Report,admin_operator,cosmetics,outbound,27,Admin,afternoon,handheld_scanner,completed,,0,operational_intelligence_report,synthetic
ORD-0158,2024-02-23 17:09,Pick List Received,admin_operator,apparel,outbound,19,Admin,afternoon,pda_terminal,completed,,0,workflow_dashboard,synthetic
ORD-0158,2024-02-23 17:18,Location Search,warehouse_operator,apparel,outbound,19,A,afternoon,pda_terminal,completed,,0,AMR_route_support,synthetic
ORD-0158,2024-02-23 17:35,Item Picking,warehouse_operator,apparel,outbound,19,A,afternoon,pda_terminal,completed,,0,robotic_picking_support,synthetic
ORD-0158,2024-02-23 17:43,Barcode Scan,scan_operator,apparel,outbound,19,B,afternoon,pda_terminal,completed,,0,barcode_ocr_verification,synthetic
ORD-0158,2024-02-23 17:49,Product Sorting,sort_operator,apparel,outbound,19,C,afternoon,pda_terminal,rework,wrong_location,28,automated_sorting,synthetic
ORD-0158,2024-02-23 17:54,Inspection,inspection_operator,apparel,outbound,19,D,afternoon,pda_terminal,completed,,0,vision_based_inspection,synthetic
ORD-0158,2024-02-23 18:04,Packing,packing_operator,apparel,outbound,19,E,afternoon,pda_terminal,completed,,0,packing_assist,synthetic
ORD-0158,2024-02-23 18:13,Loading Support,loading_support,apparel,outbound,19,F,afternoon,pda_terminal,completed,,0,AMR_AGV_transport,synthetic
ORD-0158,2024-02-23 18:19,Daily Report,admin_operator,apparel,outbound,19,Admin,afternoon,pda_terminal,completed,,0,operational_intelligence_report,synthetic
ORD-0159,2024-01-08 15:11,Pick List Received,admin_operator,household_goods,outbound,12,Admin,afternoon,handheld_scanner,completed,,0,workflow_dashboard,synthetic
ORD-0159,2024-01-08 15:21,Location Search,warehouse_operator,household_goods,outbound,12,A,afternoon,handheld_scanner,completed,,0,AMR_route_support,synthetic
ORD-0159,2024-01-08 15:46,Item Picking,warehouse_operator,household_goods,outbound,12,A,afternoon,handheld_scanner,completed,,0,robotic_picking_support,synthetic
ORD-0159,2024-01-08 15:52,Barcode Scan,scan_operator,household_goods,outbound,12,B,afternoon,handheld_scanner,rework,quantity_mismatch,23,barcode_ocr_verification,synthetic
ORD-0159,2024-01-08 16:13,Exception Review,floor_supervisor,household_goods,outbound,12,Supervisor,afternoon,handheld_scanner,reviewed,quantity_mismatch,9,exception_decision_support,synthetic
ORD-0159,2024-01-08 16:16,Re-inspection,inspection_operator,household_goods,outbound,12,D,afternoon,handheld_scanner,completed,,0,vision_based_inspection,synthetic
ORD-0159,2024-01-08 16:26,Product Sorting,sort_operator,household_goods,outbound,12,C,afternoon,handheld_scanner,rework,station_congestion,22,automated_sorting,synthetic
ORD-0159,2024-01-08 16:39,Inspection,inspection_operator,household_goods,outbound,12,D,afternoon,handheld_scanner,rework,quantity_mismatch,30,vision_based_inspection,synthetic
ORD-0159,2024-01-08 16:57,Exception Review,floor_supervisor,household_goods,outbound,12,Supervisor,afternoon,handheld_scanner,reviewed,quantity_mismatch,15,exception_decision_support,synthetic
ORD-0159,2024-01-08 17:02,Re-inspection,inspection_operator,household_goods,outbound,12,D,afternoon,handheld_scanner,completed,,0,vision_based_inspection,synthetic
ORD-0159,2024-01-08 17:09,Packing,packing_operator,household_goods,outbound,12,E,afternoon,handheld_scanner,rework,safety_delay,44,packing_assist,synthetic
ORD-0159,2024-01-08 17:21,Loading Support,loading_support,household_goods,outbound,12,F,afternoon,handheld_scanner,completed,,0,AMR_AGV_transport,synthetic
ORD-0159,2024-01-08 17:28,Daily Report,admin_operator,household_goods,outbound,12,Admin,afternoon,handheld_scanner,completed,,0,operational_intelligence_report,synthetic
ORD-0160,2024-01-12 10:42,Pick List Received,admin_operator,cosmetics,outbound,1,Admin,morning,handheld_scanner,completed,,0,workflow_dashboard,synthetic
ORD-0160,2024-01-12 10:51,Location Search,warehouse_operator,cosmetics,outbound,1,A,morning,handheld_scanner,completed,,0,AMR_route_support,synthetic
ORD-0160,2024-01-12 11:02,Item Picking,warehouse_operator,cosmetics,outbound,1,A,morning,handheld_scanner,completed,,0,robotic_picking_support,synthetic
ORD-0160,2024-01-12 11:08,Barcode Scan,scan_operator,cosmetics,outbound,1,B,morning,handheld_scanner,exception,label_mismatch,12,barcode_ocr_verification,synthetic
ORD-0160,2024-01-12 11:20,Exception Review,floor_supervisor,cosmetics,outbound,1,Supervisor,morning,handheld_scanner,reviewed,label_mismatch,5,exception_decision_support,synthetic
ORD-0160,2024-01-12 11:22,Re-scan,scan_operator,cosmetics,outbound,1,B,morning,handheld_scanner,completed,,0,barcode_ocr_verification,synthetic
ORD-0160,2024-01-12 11:25,Product Sorting,sort_operator,cosmetics,outbound,1,C,morning,handheld_scanner,exception,quantity_mismatch,34,automated_sorting,synthetic
ORD-0160,2024-01-12 11:39,Exception Review,floor_supervisor,cosmetics,outbound,1,Supervisor,morning,handheld_scanner,reviewed,quantity_mismatch,19,exception_decision_support,synthetic
ORD-0160,2024-01-12 11:45,Re-inspection,inspection_operator,cosmetics,outbound,1,D,morning,handheld_scanner,completed,,0,vision_based_inspection,synthetic
ORD-0160,2024-01-12 11:59,Inspection,inspection_operator,cosmetics,outbound,1,D,morning,handheld_scanner,completed,,0,vision_based_inspection,synthetic
ORD-0160,2024-01-12 12:08,Packing,packing_operator,cosmetics,outbound,1,E,morning,handheld_scanner,completed,,0,packing_assist,synthetic
ORD-0160,2024-01-12 12:38,Loading Support,loading_support,cosmetics,outbound,1,F,morning,handheld_scanner,completed,,0,AMR_AGV_transport,synthetic
ORD-0160,2024-01-12 12:46,Daily Report,admin_operator,cosmetics,outbound,1,Admin,morning,handheld_scanner,completed,,0,operational_intelligence_report,synthetic
ORD-0161,2024-01-27 12:12,Pick List Received,admin_operator,cosmetics,outbound,9,Admin,morning,pda_terminal,completed,,0,workflow_dashboard,synthetic
ORD-0161,2024-01-27 12:17,Location Search,warehouse_operator,cosmetics,outbound,9,A,morning,pda_terminal,completed,,0,AMR_route_support,synthetic
ORD-0161,2024-01-27 12:23,Item Picking,warehouse_operator,cosmetics,outbound,9,A,morning,pda_terminal,completed,,0,robotic_picking_support,synthetic
ORD-0161,2024-01-27 12:27,Barcode Scan,scan_operator,cosmetics,outbound,9,B,morning,pda_terminal,completed,,0,barcode_ocr_verification,synthetic
ORD-0161,2024-01-27 12:39,Product Sorting,sort_operator,cosmetics,outbound,9,C,morning,pda_terminal,completed,,0,automated_sorting,synthetic
ORD-0161,2024-01-27 12:52,Inspection,inspection_operator,cosmetics,outbound,9,D,morning,pda_terminal,rework,damaged_packaging,42,vision_based_inspection,synthetic
ORD-0161,2024-01-27 13:12,Exception Review,floor_supervisor,cosmetics,outbound,9,Supervisor,morning,pda_terminal,reviewed,damaged_packaging,7,exception_decision_support,synthetic
ORD-0161,2024-01-27 13:18,Repacking,packing_operator,cosmetics,outbound,9,E,morning,pda_terminal,completed,,0,packing_assist,synthetic
ORD-0161,2024-01-27 13:38,Packing,packing_operator,cosmetics,outbound,9,E,morning,pda_terminal,rework,station_congestion,30,packing_assist,synthetic
ORD-0161,2024-01-27 13:59,Loading Support,loading_support,cosmetics,outbound,9,F,morning,pda_terminal,completed,,0,AMR_AGV_transport,synthetic
ORD-0161,2024-01-27 14:08,Daily Report,admin_operator,cosmetics,outbound,9,Admin,morning,pda_terminal,completed,,0,operational_intelligence_report,synthetic
ORD-0162,2024-01-28 14:46,Pick List Received,admin_operator,household_goods,outbound,3,Admin,afternoon,handheld_scanner,completed,,0,workflow_dashboard,synthetic
ORD-0162,2024-01-28 14:54,Location Search,warehouse_operator,household_goods,outbound,3,A,afternoon,handheld_scanner,completed,,0,AMR_route_support,synthetic
ORD-0162,2024-01-28 15:11,Item Picking,warehouse_operator,household_goods,outbound,3,A,afternoon,handheld_scanner,completed,,0,robotic_picking_support,synthetic
ORD-0162,2024-01-28 15:14,Barcode Scan,scan_operator,household_goods,outbound,3,B,afternoon,handheld_scanner,completed,,0,barcode_ocr_verification,synthetic
ORD-0162,2024-01-28 15:28,Product Sorting,sort_operator,household_goods,outbound,3,C,afternoon,handheld_scanner,exception,wrong_location,21,automated_sorting,synthetic
ORD-0162,2024-01-28 15:47,Inspection,inspection_operator,household_goods,outbound,3,D,afternoon,handheld_scanner,completed,,0,vision_based_inspection,synthetic
ORD-0162,2024-01-28 16:04,Packing,packing_operator,household_goods,outbound,3,E,afternoon,handheld_scanner,exception,safety_delay,26,packing_assist,synthetic
ORD-0162,2024-01-28 16:16,Loading Support,loading_support,household_goods,outbound,3,F,afternoon,handheld_scanner,exception,station_congestion,15,AMR_AGV_transport,synthetic
ORD-0162,2024-01-28 16:21,Daily Report,admin_operator,household_goods,outbound,3,Admin,afternoon,handheld_scanner,completed,,0,operational_intelligence_report,synthetic
ORD-0163,2024-02-14 10:44,Pick List Received,admin_operator,apparel,outbound,13,Admin,morning,handheld_scanner,completed,,0,workflow_dashboard,synthetic
ORD-0163,2024-02-14 10:54,Location Search,warehouse_operator,apparel,outbound,13,A,morning,handheld_scanner,completed,,0,AMR_route_support,synthetic
ORD-0163,2024-02-14 11:07,Item Picking,warehouse_operator,apparel,outbound,13,A,morning,handheld_scanner,completed,,0,robotic_picking_support,synthetic
ORD-0163,2024-02-14 11:08,Barcode Scan,scan_operator,apparel,outbound,13,B,morning,handheld_scanner,completed,,0,barcode_ocr_verification,synthetic
ORD-0163,2024-02-14 11:20,Product Sorting,sort_operator,apparel,outbound,13,C,morning,handheld_scanner,completed,,0,automated_sorting,synthetic
ORD-0163,2024-02-14 11:35,Inspection,inspection_operator,apparel,outbound,13,D,morning,handheld_scanner,completed,,0,vision_based_inspection,synthetic
ORD-0163,2024-02-14 11:57,Packing,packing_operator,apparel,outbound,13,E,morning,handheld_scanner,completed,,0,packing_assist,synthetic
ORD-0163,2024-02-14 12:02,Loading Support,loading_support,apparel,outbound,13,F,morning,handheld_scanner,completed,,0,AMR_AGV_transport,synthetic
ORD-0163,2024-02-14 12:12,Daily Report,admin_operator,apparel,outbound,13,Admin,morning,handheld_scanner,completed,,0,operational_intelligence_report,synthetic
ORD-0164,2024-01-29 15:20,Pick List Received,admin_operator,mixed_goods,transfer,15,Admin,afternoon,handheld_scanner,completed,,0,workflow_dashboard,synthetic
ORD-0164,2024-01-29 15:27,Location Search,warehouse_operator,mixed_goods,transfer,15,A,afternoon,handheld_scanner,completed,,0,AMR_route_support,synthetic
ORD-0164,2024-01-29 15:34,Item Picking,warehouse_operator,mixed_goods,transfer,15,A,afternoon,handheld_scanner,completed,,0,robotic_picking_support,synthetic
ORD-0164,2024-01-29 15:40,Barcode Scan,scan_operator,mixed_goods,transfer,15,B,afternoon,handheld_scanner,completed,,0,barcode_ocr_verification,synthetic
ORD-0164,2024-01-29 15:56,Product Sorting,sort_operator,mixed_goods,transfer,15,C,afternoon,handheld_scanner,completed,,0,automated_sorting,synthetic
ORD-0164,2024-01-29 16:12,Inspection,inspection_operator,mixed_goods,transfer,15,D,afternoon,handheld_scanner,exception,quantity_mismatch,12,vision_based_inspection,synthetic
ORD-0164,2024-01-29 16:27,Exception Review,floor_supervisor,mixed_goods,transfer,15,Supervisor,afternoon,handheld_scanner,reviewed,quantity_mismatch,12,exception_decision_support,synthetic
ORD-0164,2024-01-29 16:36,Re-inspection,inspection_operator,mixed_goods,transfer,15,D,afternoon,handheld_scanner,completed,,0,vision_based_inspection,synthetic
ORD-0164,2024-01-29 16:53,Packing,packing_operator,mixed_goods,transfer,15,E,afternoon,handheld_scanner,completed,,0,packing_assist,synthetic
ORD-0164,2024-01-29 17:10,Loading Support,loading_support,mixed_goods,transfer,15,F,afternoon,handheld_scanner,completed,,0,AMR_AGV_transport,synthetic
ORD-0164,2024-01-29 17:20,Daily Report,admin_operator,mixed_goods,transfer,15,Admin,afternoon,handheld_scanner,completed,,0,operational_intelligence_report,synthetic
ORD-0165,2024-01-22 16:47,Pick List Received,admin_operator,household_goods,outbound,3,Admin,afternoon,fixed_scanner,completed,,0,workflow_dashboard,synthetic
ORD-0165,2024-01-22 16:50,Location Search,warehouse_operator,household_goods,outbound,3,A,afternoon,fixed_scanner,completed,,0,AMR_route_support,synthetic
ORD-0165,2024-01-22 17:12,Item Picking,warehouse_operator,household_goods,outbound,3,A,afternoon,fixed_scanner,completed,,0,robotic_picking_support,synthetic
ORD-0165,2024-01-22 17:19,Barcode Scan,scan_operator,household_goods,outbound,3,B,afternoon,fixed_scanner,exception,scan_failure,15,barcode_ocr_verification,synthetic
ORD-0165,2024-01-22 17:43,Exception Review,floor_supervisor,household_goods,outbound,3,Supervisor,afternoon,fixed_scanner,reviewed,scan_failure,10,exception_decision_support,synthetic
ORD-0165,2024-01-22 17:44,Re-scan,scan_operator,household_goods,outbound,3,B,afternoon,fixed_scanner,completed,,0,barcode_ocr_verification,synthetic
ORD-0165,2024-01-22 17:52,Product Sorting,sort_operator,household_goods,outbound,3,C,afternoon,fixed_scanner,rework,quantity_mismatch,14,automated_sorting,synthetic
ORD-0165,2024-01-22 17:58,Exception Review,floor_supervisor,household_goods,outbound,3,Supervisor,afternoon,fixed_scanner,reviewed,quantity_mismatch,16,exception_decision_support,synthetic
ORD-0165,2024-01-22 18:09,Re-inspection,inspection_operator,household_goods,outbound,3,D,afternoon,fixed_scanner,completed,,0,vision_based_inspection,synthetic
ORD-0165,2024-01-22 18:12,Inspection,inspection_operator,household_goods,outbound,3,D,afternoon,fixed_scanner,rework,quantity_mismatch,13,vision_based_inspection,synthetic
ORD-0165,2024-01-22 18:29,Exception Review,floor_supervisor,household_goods,outbound,3,Supervisor,afternoon,fixed_scanner,reviewed,quantity_mismatch,11,exception_decision_support,synthetic
ORD-0165,2024-01-22 18:34,Re-inspection,inspection_operator,household_goods,outbound,3,D,afternoon,fixed_scanner,completed,,0,vision_based_inspection,synthetic
ORD-0165,2024-01-22 18:44,Packing,packing_operator,household_goods,outbound,3,E,afternoon,fixed_scanner,rework,wrong_location,28,packing_assist,synthetic
ORD-0165,2024-01-22 18:57,Loading Support,loading_support,household_goods,outbound,3,F,afternoon,fixed_scanner,rework,station_congestion,43,AMR_AGV_transport,synthetic
ORD-0165,2024-01-22 19:06,Daily Report,admin_operator,household_goods,outbound,3,Admin,afternoon,fixed_scanner,completed,,0,operational_intelligence_report,synthetic
ORD-0166,2024-02-10 11:47,Pick List Received,admin_operator,household_goods,outbound,30,Admin,morning,handheld_scanner,completed,,0,workflow_dashboard,synthetic
ORD-0166,2024-02-10 11:55,Location Search,warehouse_operator,household_goods,outbound,30,A,morning,handheld_scanner,completed,,0,AMR_route_support,synthetic
ORD-0166,2024-02-10 12:14,Item Picking,warehouse_operator,household_goods,outbound,30,A,morning,handheld_scanner,completed,,0,robotic_picking_support,synthetic
ORD-0166,2024-02-10 12:21,Barcode Scan,scan_operator,household_goods,outbound,30,B,morning,handheld_scanner,completed,,0,barcode_ocr_verification,synthetic
ORD-0166,2024-02-10 12:29,Product Sorting,sort_operator,household_goods,outbound,30,C,morning,handheld_scanner,completed,,0,automated_sorting,synthetic
ORD-0166,2024-02-10 12:35,Inspection,inspection_operator,household_goods,outbound,30,D,morning,handheld_scanner,rework,wrong_location,38,vision_based_inspection,synthetic
ORD-0166,2024-02-10 12:45,Packing,packing_operator,household_goods,outbound,30,E,morning,handheld_scanner,completed,,0,packing_assist,synthetic
ORD-0166,2024-02-10 13:03,Loading Support,loading_support,household_goods,outbound,30,F,morning,handheld_scanner,completed,,0,AMR_AGV_transport,synthetic
ORD-0166,2024-02-10 13:13,Daily Report,admin_operator,household_goods,outbound,30,Admin,morning,handheld_scanner,completed,,0,operational_intelligence_report,synthetic
ORD-0167,2024-02-13 16:48,Pick List Received,admin_operator,apparel,outbound,33,Admin,afternoon,pda_terminal,completed,,0,workflow_dashboard,synthetic
ORD-0167,2024-02-13 16:58,Location Search,warehouse_operator,apparel,outbound,33,A,afternoon,pda_terminal,completed,,0,AMR_route_support,synthetic
ORD-0167,2024-02-13 17:04,Item Picking,warehouse_operator,apparel,outbound,33,A,afternoon,pda_terminal,completed,,0,robotic_picking_support,synthetic
ORD-0167,2024-02-13 17:12,Barcode Scan,scan_operator,apparel,outbound,33,B,afternoon,pda_terminal,rework,label_mismatch,20,barcode_ocr_verification,synthetic
ORD-0167,2024-02-13 17:25,Exception Review,floor_supervisor,apparel,outbound,33,Supervisor,afternoon,pda_terminal,reviewed,label_mismatch,4,exception_decision_support,synthetic
ORD-0167,2024-02-13 17:31,Re-scan,scan_operator,apparel,outbound,33,B,afternoon,pda_terminal,completed,,0,barcode_ocr_verification,synthetic
ORD-0167,2024-02-13 17:38,Product Sorting,sort_operator,apparel,outbound,33,C,afternoon,pda_terminal,rework,wrong_location,27,automated_sorting,synthetic
ORD-0167,2024-02-13 17:45,Inspection,inspection_operator,apparel,outbound,33,D,afternoon,pda_terminal,exception,station_congestion,21,vision_based_inspection,synthetic
ORD-0167,2024-02-13 18:06,Packing,packing_operator,apparel,outbound,33,E,afternoon,pda_terminal,completed,,0,packing_assist,synthetic
ORD-0167,2024-02-13 18:16,Loading Support,loading_support,apparel,outbound,33,F,afternoon,pda_terminal,rework,damaged_packaging,32,AMR_AGV_transport,synthetic
ORD-0167,2024-02-13 18:27,Exception Review,floor_supervisor,apparel,outbound,33,Supervisor,afternoon,pda_terminal,reviewed,damaged_packaging,19,exception_decision_support,synthetic
ORD-0167,2024-02-13 18:42,Repacking,packing_operator,apparel,outbound,33,E,afternoon,pda_terminal,completed,,0,packing_assist,synthetic
ORD-0167,2024-02-13 18:44,Daily Report,admin_operator,apparel,outbound,33,Admin,afternoon,pda_terminal,completed,,0,operational_intelligence_report,synthetic
ORD-0168,2024-02-11 13:37,Pick List Received,admin_operator,cosmetics,return,7,Admin,afternoon,handheld_scanner,completed,,0,workflow_dashboard,synthetic
ORD-0168,2024-02-11 13:42,Location Search,warehouse_operator,cosmetics,return,7,A,afternoon,handheld_scanner,completed,,0,AMR_route_support,synthetic
ORD-0168,2024-02-11 13:54,Item Picking,warehouse_operator,cosmetics,return,7,A,afternoon,handheld_scanner,completed,,0,robotic_picking_support,synthetic
ORD-0168,2024-02-11 14:00,Barcode Scan,scan_operator,cosmetics,return,7,B,afternoon,handheld_scanner,completed,,0,barcode_ocr_verification,synthetic
ORD-0168,2024-02-11 14:09,Product Sorting,sort_operator,cosmetics,return,7,C,afternoon,handheld_scanner,exception,scan_failure,10,automated_sorting,synthetic
ORD-0168,2024-02-11 14:19,Exception Review,floor_supervisor,cosmetics,return,7,Supervisor,afternoon,handheld_scanner,reviewed,scan_failure,5,exception_decision_support,synthetic
ORD-0168,2024-02-11 14:20,Re-scan,scan_operator,cosmetics,return,7,B,afternoon,handheld_scanner,completed,,0,barcode_ocr_verification,synthetic
ORD-0168,2024-02-11 14:36,Inspection,inspection_operator,cosmetics,return,7,D,afternoon,handheld_scanner,rework,station_congestion,44,vision_based_inspection,synthetic
ORD-0168,2024-02-11 14:43,Packing,packing_operator,cosmetics,return,7,E,afternoon,handheld_scanner,exception,damaged_packaging,35,packing_assist,synthetic
ORD-0168,2024-02-11 15:02,Exception Review,floor_supervisor,cosmetics,return,7,Supervisor,afternoon,handheld_scanner,reviewed,damaged_packaging,12,exception_decision_support,synthetic
ORD-0168,2024-02-11 15:07,Repacking,packing_operator,cosmetics,return,7,E,afternoon,handheld_scanner,completed,,0,packing_assist,synthetic
ORD-0168,2024-02-11 15:33,Loading Support,loading_support,cosmetics,return,7,F,afternoon,handheld_scanner,completed,,0,AMR_AGV_transport,synthetic
ORD-0168,2024-02-11 15:40,Daily Report,admin_operator,cosmetics,return,7,Admin,afternoon,handheld_scanner,completed,,0,operational_intelligence_report,synthetic
ORD-0169,2024-01-16 10:11,Pick List Received,admin_operator,apparel,return,32,Admin,morning,fixed_scanner,completed,,0,workflow_dashboard,synthetic
ORD-0169,2024-01-16 10:19,Location Search,warehouse_operator,apparel,return,32,A,morning,fixed_scanner,completed,,0,AMR_route_support,synthetic
ORD-0169,2024-01-16 10:28,Item Picking,warehouse_operator,apparel,return,32,A,morning,fixed_scanner,completed,,0,robotic_picking_support,synthetic
ORD-0169,2024-01-16 10:34,Barcode Scan,scan_operator,apparel,return,32,B,morning,fixed_scanner,rework,scan_failure,18,barcode_ocr_verification,synthetic
ORD-0169,2024-01-16 10:51,Exception Review,floor_supervisor,apparel,return,32,Supervisor,morning,fixed_scanner,reviewed,scan_failure,11,exception_decision_support,synthetic
ORD-0169,2024-01-16 10:57,Re-scan,scan_operator,apparel,return,32,B,morning,fixed_scanner,completed,,0,barcode_ocr_verification,synthetic
ORD-0169,2024-01-16 11:07,Product Sorting,sort_operator,apparel,return,32,C,morning,fixed_scanner,rework,station_congestion,37,automated_sorting,synthetic
ORD-0169,2024-01-16 11:12,Inspection,inspection_operator,apparel,return,32,D,morning,fixed_scanner,exception,label_mismatch,15,vision_based_inspection,synthetic
ORD-0169,2024-01-16 11:27,Exception Review,floor_supervisor,apparel,return,32,Supervisor,morning,fixed_scanner,reviewed,label_mismatch,5,exception_decision_support,synthetic
ORD-0169,2024-01-16 11:30,Re-scan,scan_operator,apparel,return,32,B,morning,fixed_scanner,completed,,0,barcode_ocr_verification,synthetic
ORD-0169,2024-01-16 11:44,Packing,packing_operator,apparel,return,32,E,morning,fixed_scanner,completed,,0,packing_assist,synthetic
ORD-0169,2024-01-16 12:13,Loading Support,loading_support,apparel,return,32,F,morning,fixed_scanner,rework,quantity_mismatch,34,AMR_AGV_transport,synthetic
ORD-0169,2024-01-16 12:28,Exception Review,floor_supervisor,apparel,return,32,Supervisor,morning,fixed_scanner,reviewed,quantity_mismatch,12,exception_decision_support,synthetic
ORD-0169,2024-01-16 12:34,Re-inspection,inspection_operator,apparel,return,32,D,morning,fixed_scanner,completed,,0,vision_based_inspection,synthetic
ORD-0169,2024-01-16 12:44,Daily Report,admin_operator,apparel,return,32,Admin,morning,fixed_scanner,completed,,0,operational_intelligence_report,synthetic
ORD-0170,2024-02-20 23:11,Pick List Received,admin_operator,apparel,transfer,15,Admin,night,pda_terminal,completed,,0,workflow_dashboard,synthetic
ORD-0170,2024-02-20 23:14,Location Search,warehouse_operator,apparel,transfer,15,A,night,pda_terminal,completed,,0,AMR_route_support,synthetic
ORD-0170,2024-02-20 23:34,Item Picking,warehouse_operator,apparel,transfer,15,A,night,pda_terminal,completed,,0,robotic_picking_support,synthetic
ORD-0170,2024-02-20 23:36,Barcode Scan,scan_operator,apparel,transfer,15,B,night,pda_terminal,completed,,0,barcode_ocr_verification,synthetic
ORD-0170,2024-02-20 23:40,Product Sorting,sort_operator,apparel,transfer,15,C,night,pda_terminal,completed,,0,automated_sorting,synthetic
ORD-0170,2024-02-20 23:47,Inspection,inspection_operator,apparel,transfer,15,D,night,pda_terminal,completed,,0,vision_based_inspection,synthetic
ORD-0170,2024-02-20 23:55,Packing,packing_operator,apparel,transfer,15,E,night,pda_terminal,rework,quantity_mismatch,24,packing_assist,synthetic
ORD-0170,2024-02-21 00:07,Exception Review,floor_supervisor,apparel,transfer,15,Supervisor,night,pda_terminal,reviewed,quantity_mismatch,18,exception_decision_support,synthetic
ORD-0170,2024-02-21 00:12,Re-inspection,inspection_operator,apparel,transfer,15,D,night,pda_terminal,completed,,0,vision_based_inspection,synthetic
ORD-0170,2024-02-21 00:36,Loading Support,loading_support,apparel,transfer,15,F,night,pda_terminal,exception,station_congestion,15,AMR_AGV_transport,synthetic
ORD-0170,2024-02-21 00:44,Daily Report,admin_operator,apparel,transfer,15,Admin,night,pda_terminal,completed,,0,operational_intelligence_report,synthetic
ORD-0171,2024-03-04 16:38,Pick List Received,admin_operator,apparel,outbound,28,Admin,afternoon,pda_terminal,completed,,0,workflow_dashboard,synthetic
ORD-0171,2024-03-04 16:48,Location Search,warehouse_operator,apparel,outbound,28,A,afternoon,pda_terminal,completed,,0,AMR_route_support,synthetic
ORD-0171,2024-03-04 16:57,Item Picking,warehouse_operator,apparel,outbound,28,A,afternoon,pda_terminal,completed,,0,robotic_picking_support,synthetic
ORD-0171,2024-03-04 17:00,Barcode Scan,scan_operator,apparel,outbound,28,B,afternoon,pda_terminal,rework,scan_failure,9,barcode_ocr_verification,synthetic
ORD-0171,2024-03-04 17:20,Exception Review,floor_supervisor,apparel,outbound,28,Supervisor,afternoon,pda_terminal,reviewed,scan_failure,6,exception_decision_support,synthetic
ORD-0171,2024-03-04 17:22,Re-scan,scan_operator,apparel,outbound,28,B,afternoon,pda_terminal,completed,,0,barcode_ocr_verification,synthetic
ORD-0171,2024-03-04 17:31,Product Sorting,sort_operator,apparel,outbound,28,C,afternoon,pda_terminal,rework,label_mismatch,17,automated_sorting,synthetic
ORD-0171,2024-03-04 17:45,Exception Review,floor_supervisor,apparel,outbound,28,Supervisor,afternoon,pda_terminal,reviewed,label_mismatch,12,exception_decision_support,synthetic
ORD-0171,2024-03-04 17:46,Re-scan,scan_operator,apparel,outbound,28,B,afternoon,pda_terminal,completed,,0,barcode_ocr_verification,synthetic
ORD-0171,2024-03-04 18:02,Inspection,inspection_operator,apparel,outbound,28,D,afternoon,pda_terminal,completed,,0,vision_based_inspection,synthetic
ORD-0171,2024-03-04 18:09,Packing,packing_operator,apparel,outbound,28,E,afternoon,pda_terminal,rework,station_congestion,42,packing_assist,synthetic
ORD-0171,2024-03-04 18:34,Loading Support,loading_support,apparel,outbound,28,F,afternoon,pda_terminal,completed,,0,AMR_AGV_transport,synthetic
ORD-0171,2024-03-04 18:36,Daily Report,admin_operator,apparel,outbound,28,Admin,afternoon,pda_terminal,completed,,0,operational_intelligence_report,synthetic
ORD-0172,2024-02-18 15:12,Pick List Received,admin_operator,food,transfer,16,Admin,afternoon,handheld_scanner,completed,,0,workflow_dashboard,synthetic
ORD-0172,2024-02-18 15:16,Location Search,warehouse_operator,food,transfer,16,A,afternoon,handheld_scanner,completed,,0,AMR_route_support,synthetic
ORD-0172,2024-02-18 15:29,Item Picking,warehouse_operator,food,transfer,16,A,afternoon,handheld_scanner,completed,,0,robotic_picking_support,synthetic
ORD-0172,2024-02-18 15:33,Barcode Scan,scan_operator,food,transfer,16,B,afternoon,handheld_scanner,completed,,0,barcode_ocr_verification,synthetic
ORD-0172,2024-02-18 15:41,Product Sorting,sort_operator,food,transfer,16,C,afternoon,handheld_scanner,rework,label_mismatch,18,automated_sorting,synthetic
ORD-0172,2024-02-18 15:54,Exception Review,floor_supervisor,food,transfer,16,Supervisor,afternoon,handheld_scanner,reviewed,label_mismatch,7,exception_decision_support,synthetic
ORD-0172,2024-02-18 15:59,Re-scan,scan_operator,food,transfer,16,B,afternoon,handheld_scanner,completed,,0,barcode_ocr_verification,synthetic
ORD-0172,2024-02-18 16:19,Inspection,inspection_operator,food,transfer,16,D,afternoon,handheld_scanner,completed,,0,vision_based_inspection,synthetic
ORD-0172,2024-02-18 16:35,Packing,packing_operator,food,transfer,16,E,afternoon,handheld_scanner,completed,,0,packing_assist,synthetic
ORD-0172,2024-02-18 17:03,Loading Support,loading_support,food,transfer,16,F,afternoon,handheld_scanner,rework,safety_delay,62,AMR_AGV_transport,synthetic
ORD-0172,2024-02-18 17:11,Daily Report,admin_operator,food,transfer,16,Admin,afternoon,handheld_scanner,completed,,0,operational_intelligence_report,synthetic
ORD-0173,2024-01-11 12:20,Pick List Received,admin_operator,cosmetics,outbound,32,Admin,morning,handheld_scanner,completed,,0,workflow_dashboard,synthetic
ORD-0173,2024-01-11 12:24,Location Search,warehouse_operator,cosmetics,outbound,32,A,morning,handheld_scanner,completed,,0,AMR_route_support,synthetic
ORD-0173,2024-01-11 12:34,Item Picking,warehouse_operator,cosmetics,outbound,32,A,morning,handheld_scanner,completed,,0,robotic_picking_support,synthetic
ORD-0173,2024-01-11 12:40,Barcode Scan,scan_operator,cosmetics,outbound,32,B,morning,handheld_scanner,exception,scan_failure,7,barcode_ocr_verification,synthetic
ORD-0173,2024-01-11 12:46,Exception Review,floor_supervisor,cosmetics,outbound,32,Supervisor,morning,handheld_scanner,reviewed,scan_failure,5,exception_decision_support,synthetic
ORD-0173,2024-01-11 12:48,Re-scan,scan_operator,cosmetics,outbound,32,B,morning,handheld_scanner,completed,,0,barcode_ocr_verification,synthetic
ORD-0173,2024-01-11 12:59,Product Sorting,sort_operator,cosmetics,outbound,32,C,morning,handheld_scanner,completed,,0,automated_sorting,synthetic
ORD-0173,2024-01-11 13:15,Inspection,inspection_operator,cosmetics,outbound,32,D,morning,handheld_scanner,rework,missing_item,33,vision_based_inspection,synthetic
ORD-0173,2024-01-11 13:28,Exception Review,floor_supervisor,cosmetics,outbound,32,Supervisor,morning,handheld_scanner,reviewed,missing_item,7,exception_decision_support,synthetic
ORD-0173,2024-01-11 13:36,Re-inspection,inspection_operator,cosmetics,outbound,32,D,morning,handheld_scanner,completed,,0,vision_based_inspection,synthetic
ORD-0173,2024-01-11 13:40,Packing,packing_operator,cosmetics,outbound,32,E,morning,handheld_scanner,completed,,0,packing_assist,synthetic
ORD-0173,2024-01-11 14:00,Loading Support,loading_support,cosmetics,outbound,32,F,morning,handheld_scanner,completed,,0,AMR_AGV_transport,synthetic
ORD-0173,2024-01-11 14:03,Daily Report,admin_operator,cosmetics,outbound,32,Admin,morning,handheld_scanner,completed,,0,operational_intelligence_report,synthetic
ORD-0174,2024-01-03 23:03,Pick List Received,admin_operator,apparel,outbound,3,Admin,night,handheld_scanner,completed,,0,workflow_dashboard,synthetic
ORD-0174,2024-01-03 23:11,Location Search,warehouse_operator,apparel,outbound,3,A,night,handheld_scanner,completed,,0,AMR_route_support,synthetic
ORD-0174,2024-01-03 23:26,Item Picking,warehouse_operator,apparel,outbound,3,A,night,handheld_scanner,completed,,0,robotic_picking_support,synthetic
ORD-0174,2024-01-03 23:32,Barcode Scan,scan_operator,apparel,outbound,3,B,night,handheld_scanner,completed,,0,barcode_ocr_verification,synthetic
ORD-0174,2024-01-03 23:45,Product Sorting,sort_operator,apparel,outbound,3,C,night,handheld_scanner,completed,,0,automated_sorting,synthetic
ORD-0174,2024-01-03 23:55,Inspection,inspection_operator,apparel,outbound,3,D,night,handheld_scanner,completed,,0,vision_based_inspection,synthetic
ORD-0174,2024-01-04 00:11,Packing,packing_operator,apparel,outbound,3,E,night,handheld_scanner,exception,station_congestion,35,packing_assist,synthetic
ORD-0174,2024-01-04 00:16,Loading Support,loading_support,apparel,outbound,3,F,night,handheld_scanner,completed,,0,AMR_AGV_transport,synthetic
ORD-0174,2024-01-04 00:26,Daily Report,admin_operator,apparel,outbound,3,Admin,night,handheld_scanner,completed,,0,operational_intelligence_report,synthetic
ORD-0175,2024-03-03 15:13,Pick List Received,admin_operator,apparel,outbound,24,Admin,afternoon,handheld_scanner,completed,,0,workflow_dashboard,synthetic
ORD-0175,2024-03-03 15:15,Location Search,warehouse_operator,apparel,outbound,24,A,afternoon,handheld_scanner,completed,,0,AMR_route_support,synthetic
ORD-0175,2024-03-03 15:40,Item Picking,warehouse_operator,apparel,outbound,24,A,afternoon,handheld_scanner,completed,,0,robotic_picking_support,synthetic
ORD-0175,2024-03-03 15:46,Barcode Scan,scan_operator,apparel,outbound,24,B,afternoon,handheld_scanner,completed,,0,barcode_ocr_verification,synthetic
ORD-0175,2024-03-03 15:59,Product Sorting,sort_operator,apparel,outbound,24,C,afternoon,handheld_scanner,completed,,0,automated_sorting,synthetic
ORD-0175,2024-03-03 16:09,Inspection,inspection_operator,apparel,outbound,24,D,afternoon,handheld_scanner,completed,,0,vision_based_inspection,synthetic
ORD-0175,2024-03-03 16:25,Packing,packing_operator,apparel,outbound,24,E,afternoon,handheld_scanner,completed,,0,packing_assist,synthetic
ORD-0175,2024-03-03 16:55,Loading Support,loading_support,apparel,outbound,24,F,afternoon,handheld_scanner,exception,damaged_packaging,16,AMR_AGV_transport,synthetic
ORD-0175,2024-03-03 17:04,Exception Review,floor_supervisor,apparel,outbound,24,Supervisor,afternoon,handheld_scanner,reviewed,damaged_packaging,6,exception_decision_support,synthetic
ORD-0175,2024-03-03 17:10,Repacking,packing_operator,apparel,outbound,24,E,afternoon,handheld_scanner,completed,,0,packing_assist,synthetic
ORD-0175,2024-03-03 17:19,Daily Report,admin_operator,apparel,outbound,24,Admin,afternoon,handheld_scanner,completed,,0,operational_intelligence_report,synthetic
ORD-0176,2024-03-02 17:02,Pick List Received,admin_operator,cosmetics,outbound,36,Admin,afternoon,fixed_scanner,completed,,0,workflow_dashboard,synthetic
ORD-0176,2024-03-02 17:07,Location Search,warehouse_operator,cosmetics,outbound,36,A,afternoon,fixed_scanner,completed,,0,AMR_route_support,synthetic
ORD-0176,2024-03-02 17:18,Item Picking,warehouse_operator,cosmetics,outbound,36,A,afternoon,fixed_scanner,completed,,0,robotic_picking_support,synthetic
ORD-0176,2024-03-02 17:21,Barcode Scan,scan_operator,cosmetics,outbound,36,B,afternoon,fixed_scanner,completed,,0,barcode_ocr_verification,synthetic
ORD-0176,2024-03-02 17:26,Product Sorting,sort_operator,cosmetics,outbound,36,C,afternoon,fixed_scanner,rework,quantity_mismatch,18,automated_sorting,synthetic
ORD-0176,2024-03-02 17:46,Exception Review,floor_supervisor,cosmetics,outbound,36,Supervisor,afternoon,fixed_scanner,reviewed,quantity_mismatch,8,exception_decision_support,synthetic
ORD-0176,2024-03-02 17:59,Re-inspection,inspection_operator,cosmetics,outbound,36,D,afternoon,fixed_scanner,completed,,0,vision_based_inspection,synthetic
ORD-0176,2024-03-02 18:06,Inspection,inspection_operator,cosmetics,outbound,36,D,afternoon,fixed_scanner,completed,,0,vision_based_inspection,synthetic
ORD-0176,2024-03-02 18:25,Packing,packing_operator,cosmetics,outbound,36,E,afternoon,fixed_scanner,rework,quantity_mismatch,32,packing_assist,synthetic
ORD-0176,2024-03-02 18:50,Exception Review,floor_supervisor,cosmetics,outbound,36,Supervisor,afternoon,fixed_scanner,reviewed,quantity_mismatch,18,exception_decision_support,synthetic
ORD-0176,2024-03-02 19:05,Re-inspection,inspection_operator,cosmetics,outbound,36,D,afternoon,fixed_scanner,completed,,0,vision_based_inspection,synthetic
ORD-0176,2024-03-02 19:17,Loading Support,loading_support,cosmetics,outbound,36,F,afternoon,fixed_scanner,exception,station_congestion,22,AMR_AGV_transport,synthetic
ORD-0176,2024-03-02 19:24,Daily Report,admin_operator,cosmetics,outbound,36,Admin,afternoon,fixed_scanner,completed,,0,operational_intelligence_report,synthetic
ORD-0177,2024-01-27 12:22,Pick List Received,admin_operator,apparel,outbound,1,Admin,morning,handheld_scanner,completed,,0,workflow_dashboard,synthetic
ORD-0177,2024-01-27 12:26,Location Search,warehouse_operator,apparel,outbound,1,A,morning,handheld_scanner,completed,,0,AMR_route_support,synthetic
ORD-0177,2024-01-27 12:47,Item Picking,warehouse_operator,apparel,outbound,1,A,morning,handheld_scanner,completed,,0,robotic_picking_support,synthetic
ORD-0177,2024-01-27 12:51,Barcode Scan,scan_operator,apparel,outbound,1,B,morning,handheld_scanner,exception,label_mismatch,20,barcode_ocr_verification,synthetic
ORD-0177,2024-01-27 13:00,Exception Review,floor_supervisor,apparel,outbound,1,Supervisor,morning,handheld_scanner,reviewed,label_mismatch,12,exception_decision_support,synthetic
ORD-0177,2024-01-27 13:03,Re-scan,scan_operator,apparel,outbound,1,B,morning,handheld_scanner,completed,,0,barcode_ocr_verification,synthetic
ORD-0177,2024-01-27 13:10,Product Sorting,sort_operator,apparel,outbound,1,C,morning,handheld_scanner,completed,,0,automated_sorting,synthetic
ORD-0177,2024-01-27 13:14,Inspection,inspection_operator,apparel,outbound,1,D,morning,handheld_scanner,completed,,0,vision_based_inspection,synthetic
ORD-0177,2024-01-27 13:27,Packing,packing_operator,apparel,outbound,1,E,morning,handheld_scanner,completed,,0,packing_assist,synthetic
ORD-0177,2024-01-27 13:54,Loading Support,loading_support,apparel,outbound,1,F,morning,handheld_scanner,rework,damaged_packaging,23,AMR_AGV_transport,synthetic
ORD-0177,2024-01-27 14:03,Exception Review,floor_supervisor,apparel,outbound,1,Supervisor,morning,handheld_scanner,reviewed,damaged_packaging,11,exception_decision_support,synthetic
ORD-0177,2024-01-27 14:20,Repacking,packing_operator,apparel,outbound,1,E,morning,handheld_scanner,completed,,0,packing_assist,synthetic
ORD-0177,2024-01-27 14:25,Daily Report,admin_operator,apparel,outbound,1,Admin,morning,handheld_scanner,completed,,0,operational_intelligence_report,synthetic
ORD-0178,2024-02-22 15:09,Pick List Received,admin_operator,cosmetics,outbound,12,Admin,afternoon,pda_terminal,completed,,0,workflow_dashboard,synthetic
ORD-0178,2024-02-22 15:16,Location Search,warehouse_operator,cosmetics,outbound,12,A,afternoon,pda_terminal,completed,,0,AMR_route_support,synthetic
ORD-0178,2024-02-22 15:34,Item Picking,warehouse_operator,cosmetics,outbound,12,A,afternoon,pda_terminal,completed,,0,robotic_picking_support,synthetic
ORD-0178,2024-02-22 15:42,Barcode Scan,scan_operator,cosmetics,outbound,12,B,afternoon,pda_terminal,completed,,0,barcode_ocr_verification,synthetic
ORD-0178,2024-02-22 15:57,Product Sorting,sort_operator,cosmetics,outbound,12,C,afternoon,pda_terminal,rework,missing_item,50,automated_sorting,synthetic
ORD-0178,2024-02-22 16:12,Exception Review,floor_supervisor,cosmetics,outbound,12,Supervisor,afternoon,pda_terminal,reviewed,missing_item,6,exception_decision_support,synthetic
ORD-0178,2024-02-22 16:26,Re-inspection,inspection_operator,cosmetics,outbound,12,D,afternoon,pda_terminal,completed,,0,vision_based_inspection,synthetic
ORD-0178,2024-02-22 16:38,Inspection,inspection_operator,cosmetics,outbound,12,D,afternoon,pda_terminal,exception,missing_item,24,vision_based_inspection,synthetic
ORD-0178,2024-02-22 17:03,Exception Review,floor_supervisor,cosmetics,outbound,12,Supervisor,afternoon,pda_terminal,reviewed,missing_item,5,exception_decision_support,synthetic
ORD-0178,2024-02-22 17:11,Re-inspection,inspection_operator,cosmetics,outbound,12,D,afternoon,pda_terminal,completed,,0,vision_based_inspection,synthetic
ORD-0178,2024-02-22 17:33,Packing,packing_operator,cosmetics,outbound,12,E,afternoon,pda_terminal,rework,damaged_packaging,20,packing_assist,synthetic
ORD-0178,2024-02-22 17:43,Exception Review,floor_supervisor,cosmetics,outbound,12,Supervisor,afternoon,pda_terminal,reviewed,damaged_packaging,6,exception_decision_support,synthetic
ORD-0178,2024-02-22 17:48,Repacking,packing_operator,cosmetics,outbound,12,E,afternoon,pda_terminal,completed,,0,packing_assist,synthetic
ORD-0178,2024-02-22 18:09,Loading Support,loading_support,cosmetics,outbound,12,F,afternoon,pda_terminal,completed,,0,AMR_AGV_transport,synthetic
ORD-0178,2024-02-22 18:17,Daily Report,admin_operator,cosmetics,outbound,12,Admin,afternoon,pda_terminal,completed,,0,operational_intelligence_report,synthetic
ORD-0179,2024-02-22 12:15,Pick List Received,admin_operator,mixed_goods,outbound,3,Admin,morning,handheld_scanner,completed,,0,workflow_dashboard,synthetic
ORD-0179,2024-02-22 12:18,Location Search,warehouse_operator,mixed_goods,outbound,3,A,morning,handheld_scanner,completed,,0,AMR_route_support,synthetic
ORD-0179,2024-02-22 12:37,Item Picking,warehouse_operator,mixed_goods,outbound,3,A,morning,handheld_scanner,completed,,0,robotic_picking_support,synthetic
ORD-0179,2024-02-22 12:44,Barcode Scan,scan_operator,mixed_goods,outbound,3,B,morning,handheld_scanner,rework,scan_failure,5,barcode_ocr_verification,synthetic
ORD-0179,2024-02-22 12:56,Exception Review,floor_supervisor,mixed_goods,outbound,3,Supervisor,morning,handheld_scanner,reviewed,scan_failure,3,exception_decision_support,synthetic
ORD-0179,2024-02-22 13:01,Re-scan,scan_operator,mixed_goods,outbound,3,B,morning,handheld_scanner,completed,,0,barcode_ocr_verification,synthetic
ORD-0179,2024-02-22 13:19,Product Sorting,sort_operator,mixed_goods,outbound,3,C,morning,handheld_scanner,rework,wrong_location,19,automated_sorting,synthetic
ORD-0179,2024-02-22 13:24,Inspection,inspection_operator,mixed_goods,outbound,3,D,morning,handheld_scanner,completed,,0,vision_based_inspection,synthetic
ORD-0179,2024-02-22 13:45,Packing,packing_operator,mixed_goods,outbound,3,E,morning,handheld_scanner,rework,damaged_packaging,44,packing_assist,synthetic
ORD-0179,2024-02-22 14:08,Exception Review,floor_supervisor,mixed_goods,outbound,3,Supervisor,morning,handheld_scanner,reviewed,damaged_packaging,8,exception_decision_support,synthetic
ORD-0179,2024-02-22 14:24,Repacking,packing_operator,mixed_goods,outbound,3,E,morning,handheld_scanner,completed,,0,packing_assist,synthetic
ORD-0179,2024-02-22 14:53,Loading Support,loading_support,mixed_goods,outbound,3,F,morning,handheld_scanner,rework,station_congestion,38,AMR_AGV_transport,synthetic
ORD-0179,2024-02-22 14:56,Daily Report,admin_operator,mixed_goods,outbound,3,Admin,morning,handheld_scanner,completed,,0,operational_intelligence_report,synthetic
ORD-0180,2024-01-07 13:55,Pick List Received,admin_operator,apparel,outbound,6,Admin,afternoon,pda_terminal,completed,,0,workflow_dashboard,synthetic
ORD-0180,2024-01-07 14:03,Location Search,warehouse_operator,apparel,outbound,6,A,afternoon,pda_terminal,completed,,0,AMR_route_support,synthetic
ORD-0180,2024-01-07 14:08,Item Picking,warehouse_operator,apparel,outbound,6,A,afternoon,pda_terminal,completed,,0,robotic_picking_support,synthetic
ORD-0180,2024-01-07 14:12,Barcode Scan,scan_operator,apparel,outbound,6,B,afternoon,pda_terminal,rework,quantity_mismatch,17,barcode_ocr_verification,synthetic
ORD-0180,2024-01-07 14:33,Exception Review,floor_supervisor,apparel,outbound,6,Supervisor,afternoon,pda_terminal,reviewed,quantity_mismatch,16,exception_decision_support,synthetic
ORD-0180,2024-01-07 14:45,Re-inspection,inspection_operator,apparel,outbound,6,D,afternoon,pda_terminal,completed,,0,vision_based_inspection,synthetic
ORD-0180,2024-01-07 14:54,Product Sorting,sort_operator,apparel,outbound,6,C,afternoon,pda_terminal,completed,,0,automated_sorting,synthetic
ORD-0180,2024-01-07 14:58,Inspection,inspection_operator,apparel,outbound,6,D,afternoon,pda_terminal,exception,damaged_packaging,23,vision_based_inspection,synthetic
ORD-0180,2024-01-07 15:21,Exception Review,floor_supervisor,apparel,outbound,6,Supervisor,afternoon,pda_terminal,reviewed,damaged_packaging,16,exception_decision_support,synthetic
ORD-0180,2024-01-07 15:29,Repacking,packing_operator,apparel,outbound,6,E,afternoon,pda_terminal,completed,,0,packing_assist,synthetic
ORD-0180,2024-01-07 15:37,Packing,packing_operator,apparel,outbound,6,E,afternoon,pda_terminal,completed,,0,packing_assist,synthetic
ORD-0180,2024-01-07 15:55,Loading Support,loading_support,apparel,outbound,6,F,afternoon,pda_terminal,exception,damaged_packaging,35,AMR_AGV_transport,synthetic
ORD-0180,2024-01-07 16:04,Exception Review,floor_supervisor,apparel,outbound,6,Supervisor,afternoon,pda_terminal,reviewed,damaged_packaging,11,exception_decision_support,synthetic
ORD-0180,2024-01-07 16:09,Repacking,packing_operator,apparel,outbound,6,E,afternoon,pda_terminal,completed,,0,packing_assist,synthetic
ORD-0180,2024-01-07 16:15,Daily Report,admin_operator,apparel,outbound,6,Admin,afternoon,pda_terminal,completed,,0,operational_intelligence_report,synthetic
